"row","label","group","url","total","usefulness","mechanism","action","trust","decision","delivery","visualCheck","strength","gap","sourceGap","bestFix","sourceFix"
"1","Terms of Use","portal","https://www.pinnacleblooms.org/terms-of-use","30","7","5","3","3","3","9","Fresh Chrome 390 and 1440 px plus content/readback","Has a visible revision and reading index, with an opt-out concept and privacy/data sections.","The body calls itself Terms of Service for mobile.pinnacleblooms.org, discusses nutritional supplements and retains Muscle-UP Nutrition references. The opt-out email care@pinnaclblooms.org is misspelled; a family cannot rely on the stated scope or route.","Unrelated nutritional-supplement/Muscle-UP contracting-party text, body-title mismatch and apparent opt-out email typo remain; correct agreement scope is unknown.","Replace the mismatched source with owner-approved terms for the actual portal and service scope; verify one working opt-out/rights recipient, remove unrelated template identities and reconcile the agreement hierarchy.","Obtain the actual intended agreement and contracting party/recipient, then replace only the authorised source scope."
"2","Refund Policy","portal","https://www.pinnacleblooms.org/refund-policy","44","10","9","5","6","5","9","Fresh Chrome 390 and 1440 px plus content/readback","The page makes the no-refund position prominent and includes a written request concept and timing for a physical medical concern.","Two different care emails and signed-exception wording versus later absolute no-exception clauses prevent a reliable decision about where to ask and which rule governs. The request procedure lacks a coherent receipt/decision path.","Two request/contact emails conflict; written exceptions versus absolute sections 9/19 remain unresolved source decisions.","Have the policy owner reconcile the exception hierarchy and choose one accountable request route; publish a plain commitment summary and exact request, acknowledgement and written decision procedure before payment.","Confirm the intended refund recipient and reconcile the exception clauses through the authorised operative policy."
"3","Cookie Policy","portal","https://www.pinnacleblooms.org/cookie-policy","46","10","9","6","6","6","9","Fresh Chrome 390 and 1440 px plus content/readback","Separates essential, analytical and functional cookie categories and gives basic browser-control advice.","The policy defines a different Site domain, relies on continuing-use consent and supplies general categories rather than the actual cookie names, durations and working choice controls.","Defined Site/provider scope and consent language are not reconciled with the intended approved agreement and actual controls; no printed edition.","Reconcile the covered domain and current cookie inventory, then show the precise consent choices and settings route a reader can actually use, including withdrawal and duration information.","Confirm Clinics/Blooms coverage and approved consent wording that matches real controls before a bounded source change."
"4","Staff Conduct & HR Charter","portal","https://www.pinnacleblooms.org/staff-declaration","47","11","11","6","4","6","9","Fresh Chrome 390 and 1440 px plus content/readback","Specific session, privacy, consent and behaviour rules plus a grievance/fair-hearing structure are more useful than a values-only statement.","Unfinished issuer/edition/approval fields and inconsistent L4/L5 classifications leave the governing rule uncertain. Dense institutional claims and old source-edition figures obscure practical accountability; actual grievance receipt is unobserved.","Operative edition/issuer/approval/creator, L4/L5 mapping and 344-skills/21-million references remain unresolved; strong operational/validation claims persist in source.","Publish one approved edition with issuer and effective date, reconcile the misconduct table across sections and put a tested grievance/child-safety route and fair-hearing steps before the long declaration.","Supply the approved operative edition, creator/approval and penalty mapping, and source or qualify its historical counts/validation wording."
"5","Copyright & Intellectual Property","portal","https://www.pinnacleblooms.org/copyright-and-intellectual","50","12","10","5","7","7","9","Fresh Chrome 390 and 1440 px plus content/readback","Indexed sections explain required infringement-notice details and distinguish permission, user content and company IP topics.","The reporting procedure names a designated Copyright Agent that the contact section does not identify. Duplicate 19.1/19.2 numbering and broad ownership language make a rights decision harder to follow.","Duplicate 19.1/19.2 wording and the promised designated Copyright Agent are unresolved; no printed edition or verified legal approval.","Name the authorised notice recipient and usable address, provide a notice/counter-notice checklist and fix duplicate numbering after owner-approved source reconciliation.","Supply the legitimate agent/role and working contact, and reconcile the duplicated clauses through the intended source."
"6","Ethics Charter","portal","https://www.pinnacleblooms.org/ethics-charter","51","12","13","6","5","6","9","Fresh Chrome 390 and 1440 px plus content/readback","Names reportable concerns, retaliation safeguards, stages, owners and timelines instead of merely stating values.","A substantial aspirational charter presents reporting systems and external routes as available without demonstrated receipt; portal response in 72 hours and acknowledgement within 48 hours are not reconciled. Implemented versus planned systems are not legible.","Reporting implementation/deadlines, badges/programmes and the operative edition for 19-million references remain unverified source decisions.","Put one owner-confirmed, tested reporting route and receipt process first; reconcile timelines, mark planned systems explicitly and give the urgent child-safety route before the long charter.","Confirm actual reporting routes/deadlines, programme status and dated source edition, then publish only the authorised scope."
"7","Contact Information","portal","https://www.pinnacleblooms.org/contact-information","52","12","10","8","7","6","9","Fresh Chrome 390 and 1440 px plus content/readback","The national phone and care email are easy to identify in a short reading page.","The mailing address omits precise street/premises detail; first and third Saturday hours are not explained, and office hours versus helpline availability are not separated. A reader cannot choose a named receiving function.","Usable mailing address, named office/team hours and Saturday schedule remain source-pending; telephone guidance hours cannot stand in for office hours.","Publish an exact mailing address and a channel table for admissions, policy rights and safeguarding, with confirmed hours and a clear office-versus-helpline distinction.","Obtain the precise authorised address and office/team schedule, then make one bounded source revision."
"8","Third-Party Integration Policy","portal","https://www.pinnacleblooms.org/third-party-inegration","52","12","11","6","7","7","9","Fresh Chrome 390 and 1440 px plus content/readback","Explicit prior consent, compatibility and relevance are stated as prerequisites for third-party integration.","Referenced Security and Data Protection policies have no accessible legitimate destination, and provider/support roles remain generic rather than identifiable for an actual integration.","Referenced Security and Data Protection policies have no confirmed identity/version/legitimate accessible destination; Clinics/provider scope needs the intended source.","Name current covered integrations and accountable support recipients, link the approved data/security terms and show the exact consent, withdrawal and issue-report process for each applicable provider.","Supply the approved referenced policies or legitimate contact/location and preserve the authorised agreement scope."
"9","Endorsement & Testimonials","portal","https://www.pinnacleblooms.org/endorsement-and-testimonial","55","12","12","7","7","8","9","Fresh Chrome 390 and 1440 px plus content/readback","States that experiences should be honest and voluntary, preserve their essence and may be removed on request.","Withdrawal has no concrete request checklist or handling expectation; material connections lack a clear disclosure procedure. Section 5.2's wilful defamatory actions wording obstructs an otherwise usable policy.","Clause 5.2 wilful defamatory actions and intended material-connection instruction remain ambiguous; no operational/legal approval verified.","Reconcile Section 5.2 with the policy owner and add exact withdrawal, identity-protection and material-connection disclosure procedures with one accountable contact route.","Confirm those two exact meanings through the intended approved source before changing obligations."
"10","Disclaimer & Liability","portal","https://www.pinnacleblooms.org/disclaimer-and-limitations-of-liabilities","57","12","11","8","9","8","9","Fresh Chrome 390 and 1440 px plus content/readback","A revision date, indexed sections and explicit emergency/non-guarantee statements help readers locate relevant limitations.","Repeated waiver language dominates practical explanation, and the very broad statement that Pinnacle Services do not establish a provider relationship leaves the website-information versus actual professional-service scope unclear.","Broad Services and no-treatment wording needs contextual reading beside therapy descriptions; source presentation is not legal approval.","Obtain an approved scope clarification distinguishing platform information from separately contracted professional services, and add a short plain-language guide to emergencies, result limits and questions.","Have the authorised policy source owner clarify intended informational-platform versus delivered-service scope in an approved edition."
"11","Governing Law & Jurisdiction","portal","https://www.pinnacleblooms.org/governing-and-jurisdiction","59","13","12","7","9","9","9","Fresh Chrome 390 and 1440 px plus content/readback","Indian law and Hyderabad jurisdiction are identifiable in indexed sections with related-policy navigation.","The same forum and waiver propositions recur through a long page; there is no short practical summary of which dispute route the reader should use or the contact needed to begin it.","Mixed choice-of-law/court and repetitive waiver wording is preserved; no verified legal approval or enforceability conclusion.","Add an owner-approved plain reading summary of law, forum, scope and first contact, and consolidate repetition in the authoritative source without changing rights by editorial inference.","Have the authorised source owner provide a reviewed operative edition with precise law/jurisdiction wording."
"12","Terms of Service","portal","https://www.pinnacleblooms.org/terms-of-service","59","12","12","9","9","8","9","Fresh Chrome 390 and 1440 px plus content/readback","A printed revision, section index and direct phone/email for terms and accessibility questions make a long agreement navigable.","Forty-seven sections with repeated emphatic waiver language burden comprehension; duplicated governing-law subjects and general payment language do not give a fast practical account of family obligations and dispute steps.","Dense repetitive consent/waiver wording and related unresolved policy dependencies limit reader confidence; legal enforceability is unreviewed.","Add an owner-approved plain reading summary of scope, payment, cancellation, account/privacy and dispute routes, with precise links to governing clauses and the signed service agreement hierarchy.","Provide an authorised reviewed operative edition with plain scope and consistent related policies; preserve approved meaning."
"13","Delhi / South Extension Centre","portal","https://www.pinnacleblooms.org/centers/best-autism-speech-aba-occupational-therapy-center-south-extension-newdelhi-india","60","14","12","9","12","4","9","Fresh Chrome 390 and 1440 px plus content/readback","The early inactive-status warning and enquiry-only guard prevent the certificate or address from being presented as a confirmed available appointment.","The page cannot currently support a bookable Delhi visit. The surrounding full service narrative and generic play example still resemble active-centre pages, and a dated facility record is not operational confirmation.","Current operation and appointment availability are not established; accurate historical records cannot resolve the current-operation conflict.","Make the page's primary job a status and alternatives notice: confirmed present status/date, where Delhi families can enquire now, and the exact condition for reinstating a visit CTA.","Obtain a dated operating decision and current appointment/access facts before inviting a visit beyond the existing guarded enquiry."
"14","Privacy Policy","portal","https://www.pinnacleblooms.org/privacy-policy","60","14","12","8","8","9","9","Fresh Chrome 390 and 1440 px plus content/readback","Identifies contact, health, payment and technical information, some use/sharing purposes and a deletion contact route; it does not force a sales CTA into the policy.","Retention remains as long as necessary, and deletion lacks a concrete identity/receipt/response procedure. Child/guardian handling and the revision state are harder to determine than the categories collected.","No printed revision; broad consent/waiver and inconsistent operator language remain in source; rights route depends on source-pending contact information.","Publish owner-approved retention criteria and a simple access/correction/deletion request flow with verification, acknowledgement and response expectations, plus clear guardian and child-data treatment.","Provide the approved current operator/rights/contact wording and a verified operative edition through the authorised source owner."
"15","Age Restriction Policy","portal","https://www.pinnacleblooms.org/age-restriction-policy","65","14","14","9","9","10","9","Fresh Chrome 390 and 1440 px plus content/readback","Provides an indexed policy, guardian-managed access and an age-verification explanation rather than inserting a sales story.","Bracketed [18] remains, and the adult portal threshold is not immediately distinguished from the age of children receiving services. Reporting an unauthorised minor account relies on a general contact route.","Bracketed age wording and broad user/service language remain in the source; legal approval is explicitly unverified.","State adult account eligibility and child-service eligibility separately in the first paragraph; confirm the threshold wording and give one concrete guardian or unauthorised-account reporting procedure.","Have the authorised source owner clarify account-holder versus child-beneficiary scope and record an approved edition."
"16","Tirupati Centre","portal","https://www.pinnacleblooms.org/centers/best-autism-speech-aba-occupational-therapy-center-tirupati-ap-india","67","15","13","11","12","7","9","Fresh Chrome 390 and 1440 px plus content/readback","Air Bypass/ICICI landmarks, a real interior and dated facility information give a usable local starting point; multimethod communication in book interest respects capability.","Only an interior is shown, so entrance/floor/access remain unconfirmed. The book-interest example is general and current roster, fee and visit availability require confirmation.","No suitable released exterior source; room source and facility records do not establish current entrance/floor/service or actual visit performance.","Confirm and show the exact entrance/floor and access route, publish current local visit facts and add one book-choice response with the specific communication support selected for review.","Obtain an authorised current premises exterior plus dated entrance/floor/service confirmation before extending location proof."
"17","PinnacleAI","portal","https://www.pinnacleblooms.org/pinnacleai","68","16","13","10","13","7","9","Fresh Chrome 390 and 1440 px plus content/readback","School-morning purpose, the seven-stage direction and linked module jobs give parents an understandable entry into the ecosystem; professional control is retained.","The eight equal module cards do not explain connected inputs, outputs and feedback authority. The example is generic, and the two scene images lack a complete branded explanatory composition; life-path vignettes do not maintain one coherent child journey and include non-branded review uniforms.","Licences and programme description do not prove whole-system effectiveness or individual benefit; real discovery/traffic/AI-citation outcomes unobserved.","Replace the equal-card overview with a connected architecture and one complete morning example: input, professional decision, home/school observation, changed plan and reassessment. Generate the matching full English branded inline creative with a coherent young-child journey and branded full-sleeve professionals.","Add eligible independent system evaluation and observe actual discovery/referral outcomes separately from metadata readiness."
"18","7 Readiness Indexes","portal","https://www.pinnacleblooms.org/seven-readiness-indexes","69","16","14","10","12","8","9","Fresh Chrome 390 and 1440 px plus content/readback","Names the seven lenses, distinguishes Study IQ from diagnostic IQ and acknowledges that the current report/version must govern displayed scales.","The lens grid and group-game example do not demonstrate a particular observed result and a changed professional decision. The editorial scene does not explain the relationships as a complete branded diagram.","Different report-version scales require professional explanation; module naming is not independent validity evidence; compact Markdown omits FAQs.","Show one group-game observation through the two relevant lenses, explicitly leave irrelevant lenses out, and illustrate the resulting human decision in a complete branded readiness diagram with scale/version context.","Document the current display/report version and publish completed validity evidence only within its actual scope."
"19","Gurunanak / Vijayawada Centre","portal","https://www.pinnacleblooms.org/centers/best-autism-speech-aba-occupational-therapy-center-gurunanak-road-vijayawada-ap-india","69","15","13","11","13","8","9","Fresh Chrome 390 and 1440 px plus content/readback","The second-floor/McDonald's landmark and interior images make the listed location understandable; dated facility details are separated from an appointment.","There is no entrance view or confirmed access information, and the school-bag four-step example lacks a specific observation and revised decision. Current professional/fee/bookability information is still pending enquiry.","Facility status and room photographs do not establish current practitioners, lift/access, bookability or delivered results.","Add a verified entrance and lift/stair/access description plus current visit facts, and turn the school-bag example into one named support observation and chosen adjustment.","Attach dated branch service/professional and visit-access confirmation, retaining source observation dates."
"20","Ongole Centre","portal","https://www.pinnacleblooms.org/centers/best-autism-speech-aba-occupational-therapy-center-ongole-ap-india","69","15","13","11","13","8","9","Fresh Chrome 390 and 1440 px plus content/readback","Hospital landmark, real premises imagery and a meal-choice goal make the location and family purpose recognisable.","The snack-choice example lacks a concrete response and change; the text retains awkward a Ongole wording. Dated facility information cannot settle current access, professional, fees or a confirmed visit.","Photos and facility record do not establish actual branch roster, current opening/access or successful appointments.","Correct the local phrasing and publish verified current visit facts; show one snack-choice observation and the specific cue/setting change agreed for home review.","Obtain dated current branch roster/service/access facts and connect legitimate accepted enquiries to confirmed visits in reporting."
"21","AbilityScore","portal","https://www.pinnacleblooms.org/abilityscore","70","16","14","10","13","8","9","Fresh Chrome 390 and 1440 px plus content/readback","Separates the 0–1000 structured measure from diagnosis, age/context and readiness; professional administration is clear.","The toy-request example stops at general assessment-to-goal logic. It does not show how a particular observation changes a professional decision; the sole editorial image is not a complete explanatory creative.","Independent comparator validation is not completed in the public record; real intake/distribution outcomes are unobserved.","Show a labelled illustrative input-to-output-to-human-decision example with age/context and uncertainty, and a complete branded diagram showing how reassessment changes the next support decision.","Add completed external results when available with exact population/version and retain separate actual conversion observations."
"22","Ananthapuram Centre","portal","https://www.pinnacleblooms.org/centers/best-autism-speech-aba-occupational-therapy-center-anathapuram-ap-india","70","16","13","11","13","8","9","Fresh Chrome 390 and 1440 px plus content/readback","Specific street and hospital landmarks, premises imagery and dated facility information support a real location choice.","The turn-taking example is a reusable four-step pattern without a concrete observation or changed decision. Current appointment, professional, access and fee details still need confirmation; awkward article and place-name wording weakens polish.","Dated facility approval does not prove present practitioners, access arrangements, service capacity or actual enquiry outcomes.","Use one local visit card with confirmed entrance/access, current professional enquiry scope and what the team will confirm; replace the generic example with a single turn-request observation and chosen adjustment.","Refresh dated branch service/practitioner/entrance facts and retain the exact confirmed appointment state."
"23","Autism Mothers Handbook — English","verify","https://www.pinnacleblooms.org/verify/evidence/publications/autism-mothers-handbook-english.html","70","14","12","13","14","8","9","Content/readback; shared-template visual sample, no fresh individual rendered screenshot","Authorship/year/printed ISBN, original PDF and reusable citation are intact.","About section repeats catalogue metadata with little parent reading guidance.","","Add source-faithful topics and reading questions without presenting the book as clinical proof.",""
"24","Autism Mothers Handbook — Telugu","verify","https://www.pinnacleblooms.org/verify/evidence/publications/autism-mothers-handbook-telugu.html","70","14","12","13","14","8","9","Content/readback; shared-template visual sample, no fresh individual rendered screenshot","Telugu title, authorship, printed ISBN, original PDF and citation are intact.","English catalogue wrapper gives little Telugu guidance about contents.","","Add natural Telugu source-faithful topic guidance with identifiers unchanged.",""
"25","Dilsukhnagar Centre","portal","https://www.pinnacleblooms.org/centers/best-autism-speech-aba-occupational-therapy-center-dilsukhnagar-hyderabad-telangana-india","70","16","13","11","13","8","9","Fresh Chrome 390 and 1440 px plus content/readback","Specific building and locality details, premises photographs and dated facility information support location recognition.","The toy-choice example remains generic, the hero describes a broader Hyderabad visit, and a current professional, accessibility, fee or appointment choice is not established.","Current floor/access, professional/service availability and confirmed appointment are not proven by the facility record or map.","Use the exact centre name in the first visual and publish a confirmed visit-facts panel, alongside one toy-choice observation and the specific support the local professional would review.","Attach dated receiving-team confirmation of branch services, qualified roles, entrance/floor and appointment terms."
"26","Everyday Therapy","portal","https://www.pinnacleblooms.org/everyday-therapy","70","16","14","10","13","8","9","Fresh Chrome 390 and 1440 px plus content/readback","A meal/cup-choice example makes small practice understandable, protects comfort and explains that parents are not being made therapists.","The example does not show a specific home observation and what the professional then changes. A single editorial scene carries little of the branded input/output/review explanation; the version-specific four-day feature needs context.","Intended workflow does not prove actual home uptake, observed generalisation or real distribution outcomes.","Show one optional meal activity, the parent's brief observation and the professional's chosen adaptation, using a complete branded inline creative and clearly labelled version-specific scheduling scope.","Link consented, appropriately aggregated implementation evidence and keep real home/care outcome observation separate from the illustrative story."
"27","Nandyala Centre","portal","https://www.pinnacleblooms.org/centers/best-autism-speech-aba-occupational-therapy-center-nandyala-ap-india","70","16","13","11","13","8","9","Fresh Chrome 390 and 1440 px plus content/readback","The above-Domino's/near-GSR Hospital address, exterior and interior imagery support correct-premise recognition.","Shoe participation is a recognisable goal but the example remains general. Current access, qualified professional availability, price and appointment facts are not confirmed by the dated facility record.","Current entrance/access, services, practitioner suitability and actual appointments require confirmation.","Publish one confirmed local visit-facts panel and illustrate the shoe example with a particular response, assistance level and professional/family adjustment rather than a reusable four-step sequence.","Record current branch visit/service facts and separately observe approved enquiry-to-visit states."
"28","Occupational Therapy","portal","https://www.pinnacleblooms.org/best-occupational-therapy-center-india-proven-improvement-rate","70","16","13","11","14","7","9","Fresh Chrome 390 and 1440 px plus content/readback","Play, meals, dressing, sensory comfort and learning make the OT role understandable; family review and conditional allied roles are clear.","The meal example does not show one chosen adaptation after a specific observation. Early-play and mealtime inline assets are text-free unbranded Firefly scenes; the life-in-view prompt prohibits words/logos and permits emblem omission. A complete branded OT social poster exists but is not the inline mechanism.","No verified child-specific OT result or current branch practitioner/availability evidence; real calls/visits and field performance unobserved.","Generate a complete English branded inline meal or dressing creative using the same young child and branded full-sleeve therapist, with task adaptation, observed response and the next human review decision built into the composition.","Add eligible branch professional/service facts and observe consented enquiry-to-care results without inferring outcomes from service counts."
"29","Personal Development Kernel","portal","https://www.pinnacleblooms.org/personal-development-kernel","70","16","15","10","12","8","9","Fresh Chrome 390 and 1440 px plus content/readback","The calm-home versus busy-school doorway example makes context and permission meaningful; the record is not described as an autonomous diagnosis or public child dossier.","The record's useful output is described broadly and the example does not identify the exact adjustment a professional makes from the two settings. One editorial image is not a complete branded input/output architecture.","Architecture concept and dossier examples do not demonstrate consistently implemented access/use or clinical benefit; compact Markdown omits FAQs.","Display a fictional, explicitly illustrative two-setting record with a specific human decision and next review, then generate a complete branded diagram of permitted input, longitudinal output and authorised use.","Add legitimate public architecture/implementation evidence at an appropriate non-private level and retain clearer complete reading aids when revised."
"30","Prognose","portal","https://www.pinnacleblooms.org/prognose","70","16","15","10","12","8","9","Fresh Chrome 390 and 1440 px plus content/readback","Explains a possibility/checkpoint rather than a promised date, diagnosis or therapy dose; the playground example has keep/revise logic and acknowledges validation limits.","No specific response demonstrates why a forecast or next step changes. The single editorial hero does not visualise input, forecast uncertainty, human selection and review as a complete branded composition.","Public record does not establish completed external predictive validation; compact Markdown omits FAQs and actual predictive/care outcomes are unobserved.","Use one clearly illustrative playground response to show a revised checkpoint and chosen support, and create a branded diagram that makes uncertainty and professional review visible.","Publish completed predictive-validation evidence only when available with uncertainty, cohort and version retained."
"31","Srikakulam Centre","portal","https://www.pinnacleblooms.org/centers/best-autism-speech-aba-occupational-therapy-center-srikakulam-ap-india","70","16","13","11","13","8","9","Fresh Chrome 390 and 1440 px plus content/readback","Above-Indian-Bank location details, premises imagery and dated facility information make the local identity usable.","The drawing example repeats a generic four-step structure rather than demonstrating a response and a changed decision. Current access, roster, cost and appointment availability are not confirmed.","Facility record/photos do not prove current practitioner roles, services, access or actual appointment performance.","Add current owner-confirmed entrance/access and visit facts, and show one drawing participation observation with the specific support the professional and family review next.","Obtain dated current branch practitioner/service/entrance confirmation and retain actual care-funnel observations separately."
"32","TherapeuticAI","portal","https://www.pinnacleblooms.org/therapeuticai","70","16","14","10","13","8","9","Fresh Chrome 390 and 1440 px plus content/readback","The play-box help goal links to communication/participation, and professional choice, child comfort and no fixed therapy bundle are stated clearly.","The example does not name the selected support, observed response and next specific adjustment. The editorial hero does not make the module's input, suggestion and accountable human choice legible as a complete branded visual.","Software/module quality scope does not establish technique effectiveness, individual professional suitability or actual field outcomes.","Show one play-box input, one professional-selected communication or task support, the child's response and the decision to keep/change it in a complete branded inline mechanism diagram.","Add eligible completed activity/implementation evidence and current professional-role facts without expanding the licence claim."
"33","Voice of the Unheard","verify","https://www.pinnacleblooms.org/verify/evidence/publications/voice-of-the-unheard.html","70","14","12","13","14","8","9","Content/readback; shared-template visual sample, no fresh individual rendered screenshot","Internal authorship takes precedence; year/ISBN remain honestly unestablished.","About section repeats missing metadata rather than explaining the resource.","","Add source-faithful contents and parent reading prompts.",""
"34","ABA Therapy","portal","https://www.pinnacleblooms.org/best-aba-therapy-center-india-proven-improvement-rate","71","16","14","11","14","7","9","Fresh Chrome 390 and 1440 px plus content/readback","Recognisable transitions, communication and comfort are presented before a therapy label; refusal and health or environment needs receive respect.","The transition example describes a process but does not show a specific observation causing a specific change. Editorial scenes do not fully carry the requested branded English mechanism; local professional and fee decisions remain unconfirmed.","No verified individual ABA professional or measured ABA-specific child outcome; real distribution and care outcomes are unobserved.","Rework the break-request example around one baseline, one observed response and one chosen adjustment, and generate a complete branded inline creative showing that sequence and conditional professional roles.","Attach dated, eligible practitioner/service evidence and separately observe consented CTA to answered-call/visit states."
"35","Fusion Module","portal","https://www.pinnacleblooms.org/fusion-module","71","16","15","10","13","8","9","Fresh Chrome 390 and 1440 px plus content/readback","The three-setting example distinguishes familiar therapy support, less-prompted home use and a harder playground context; consent and human authority are explicit.","It lists possible revisions without choosing one from a particular observed response. The editorial hero and setting blocks do not make a complete branded architecture showing the feedback decision.","Architecture/possible rater roles do not prove actual response time, school input or correction benefit for every child.","Show one three-setting observation comparison, explain why the professional selects a specific cue or setting change, and draw that input/comparison/decision/next-review chain as a complete branded inline diagram.","Add dated implementation/review evidence and completed research only within its real scope; observe actual care handoff separately."
"36","Special Education","portal","https://www.pinnacleblooms.org/best-special-education-center-call-9100181181","71","16","14","11","14","7","9","Fresh Chrome 390 and 1440 px plus content/readback","Materials, instruction, pace and communication are tangible levers; family, teacher and allied roles are conditional and school participation precedes worksheet completion.","The multi-step activity example names possible barriers and supports but lacks a particular observation and chosen adjustment. Repeated learning-cycle imagery and adjacent text do not fully satisfy the distinctive complete branded inline explanation.","No individual educator credential/current branch availability or demonstrated learning/admission outcome supplied.","Use one stopped activity with a named access barrier, one selected material/instruction adaptation and the next observed response, then generate the matching complete branded learning-to-participation creative.","Add dated eligible individual role/registration and service facts, and observe real learning/care outcomes separately."
"37","You wanted the car. Not a box of parts.","verify","https://www.pinnacleblooms.org/verify/evidence/paradigm/01-life-in-view.html","71","15","15","10","13","9","9","Content/readback; shared-template visual sample, no fresh individual rendered screenshot","Car-parts analogy connects measurement, planning, care, practice and review.","Analogy lacks an everyday goal or family next-step decision.","","Show one everyday goal and how the connected parts change the next decision.",""
"38","About Pinnacle","portal","https://www.pinnacleblooms.org/about-pinnacle-proven-improvement-rate","72","16","15","10","13","9","9","Fresh Chrome 390 and 1440 px plus content/readback","Uses owned institutional voice, an identifiable legal history and an understandable family continuity sequence; its two branded creatives are stronger than generic scene-only assets.","The continuity narrative remains a general promise rather than one demonstrated observation, review and changed plan. Repeated family-purpose passages add length before institutional choices.","Institutional facts and intended family experience do not establish service consistency or downstream family outcomes.","Add one compact family journey showing the named professional role, a recorded observation and a keep/adapt/refer decision, then shorten repeated purpose statements around it.","Publish dated evidence of the actual continuity experience and observe the resulting contact/visit path separately."
"39","Autism Therapy","portal","https://www.pinnacleblooms.org/autism-therapy","72","16","15","11","14","7","9","Fresh Chrome 390 and 1440 px plus content/readback","Treats the child as a whole person, explains conditional disciplines around school-morning participation, and avoids a fixed therapy bundle or cure promise.","The morning example lists relevant roles but does not show a measured response and a specific plan correction. Several scene assets still depend on adjacent HTML for the branded explanation.","No evidence here establishes a particular professional's current suitability, a fixed programme benefit or actual commercial outcomes.","Show a morning goal with one observed barrier and one clinician/family adjustment in a complete branded inline pathway, with clear reasons for including or excluding each discipline.","Add dated suitable-professional and service evidence at the chosen centre, then observe confirmed visits separately."
"40","Enrolment","portal","https://www.pinnacleblooms.org/enroll-autism-speech-aba-therapies-india","72","17","14","12","12","8","9","Fresh Chrome 390 and 1440 px plus content/readback","A small name/mobile form, optional preferences, whole-life rationale and the explicit request-not-appointment distinction make first contact understandable. The free speech offer is correctly scoped.","The decision to choose Pinnacle is mostly supported by principles and repeated pathway language rather than a complete concrete review example. Receiving-team response and a confirmed visit remain unobserved.","Current accepted enquiries, receiving-team responses, attendance and enrolment are unobserved; older machine copy points centre discovery to the speech section.","Place one compact child goal, observation and adjusted-plan example before the form; publish confirmed response expectations and require the receiving team to repeat back centre, service, fee and appointment details.","Observe a legitimate consented enquiry-to-care record through current reporting and align the reading aid's directory destination when materially revising it."
"41","Find a Pinnacle Centre","portal","https://www.pinnacleblooms.org/centers","72","16","15","11","13","8","9","Fresh Chrome 390 and 1440 px plus content/readback","A searchable dated directory offers names, geography, maps, actual premises imagery and useful links across 62 published listings.","A published listing does not establish current operation, accessible entrance, roster, fees or appointment availability. The directory does not give the Delhi inactive status the same clear prominence as the local page.","Missing/duplicated media flags remain; a listing/map/profile is not present operation, a verified rating, practitioner roster or bookability.","Add a verified operational-status label and last-confirmed contact date to each result, surface inactive listings immediately, and show the smallest set of facts needed to choose the right premises before calling.","Resolve the named media flags and update only source-confirmed present-operation/service facts; measure actual routed enquiries separately."
"42","Reassess, Review, Repeat","portal","https://www.pinnacleblooms.org/reassess-review-repeat","72","16","16","10","13","8","9","Fresh Chrome 390 and 1440 px plus content/readback","Earlier and current bag-packing support is contrasted across home and school; review is individual rather than a universal monthly progress promise.","The example identifies where support is still needed but stops short of naming the school adjustment and next observation. The editorial image is weaker than the written comparison and does not complete the branded visual loop.","Monthly source workflow is not an individual schedule or proven life outcome; actual follow-up and distribution data remain unobserved.","Specify the school-setting support the professional selects and the next observation to review, then generate a complete branded before/now/decision/next-check creative for the same child.","Add eligible dated reassessment implementation/outcome evidence and separately observe completed follow-up visits."
"43","Scale & Mission Story","verify","https://www.pinnacleblooms.org/verify/evidence/scale-and-mission.html","72","16","15","10","12","10","9","Fresh Chrome 390 and 1440 px plus content/readback","Mission/calculated outputs/report findings differ; scale does not predict individual outcomes.","Prominent 400-billion aggregate lacks reproducible calculation; concrete family decision is weak.","","Lead with traceable measures and an individual-plan example, keeping estimates labelled.",""
"44","Leadership","portal","https://www.pinnacleblooms.org/leadership","73","16","14","10","13","11","9","Fresh Chrome 390 and 1440 px plus content/readback","Real portraits and distinct Koti/Sreeja roles, authored work and editor/founder responsibilities give the page a credible institutional identity task.","Generic family-purpose passages dilute the specific contribution and accountability story. Authored frameworks and protocols explain contribution but do not themselves show present operational accountability.","Owned catalogue/original institutional publications support credits but do not establish independent endorsement or actual organisational performance.","Organise each leader around verified role, concrete contribution and current responsibility, with a clear institutional question/escalation route; remove repeated generic purpose paragraphs.","Add eligible independent role/contribution evidence without converting authorship or a listing into endorsement."
"45","One child. One continuing record.","verify","https://www.pinnacleblooms.org/verify/evidence/paradigm/03-plan-with-a-memory.html","73","15","16","10","13","10","9","Content/readback; shared-template visual sample, no fresh individual rendered screenshot","Child-specific record connects measurements, goals, context and responses.","No example shows what carries into the next review.","","Illustrate one observation remaining attached to its goal at human review.",""
"46","Many specialists. One shared direction.","verify","https://www.pinnacleblooms.org/verify/evidence/paradigm/04-one-shared-direction.html","74","16","16","10","13","10","9","Content/readback; shared-template visual sample, no fresh individual rendered screenshot","Shared goals/context connect professional contributions.","No goal shows who contributes what.","","Show conditional professional/family/school roles in one goal and review.",""
"47","Separate reports. A shared starting point.","verify","https://www.pinnacleblooms.org/verify/evidence/paradigm/02-shared-starting-point.html","74","16","16","10","13","10","9","Content/readback; shared-template visual sample, no fresh individual rendered screenshot","Shared ability baseline links relevant sources.","Baseline is abstract without a report/skill reading example.","","Add a modest illustrative skill/profile example and care-team question.",""
"48","Beyond more sessions. A direction for transition.","verify","https://www.pinnacleblooms.org/verify/evidence/paradigm/09-independence-and-belonging.html","75","16","16","10","13","11","9","Content/readback; shared-template visual sample, no fresh individual rendered screenshot","Transition and independence retain participation and support.","Direction lacks concrete readiness/family-choice questions.","","Show modest participation goal and questions for choosing the next setting.",""
"49","Beyond the session. A connected programme.","verify","https://www.pinnacleblooms.org/verify/evidence/paradigm/05-practice-in-everyday-life.html","75","16","16","10","13","11","9","Content/readback; shared-template visual sample, no fresh individual rendered screenshot","Guided practice extends agreed goals beyond appointments.","No routine shows feasibility, comfort and useful feedback.","","Add one team-agreed home routine and observation question.",""
"50","Child Development Assessment","portal","https://www.pinnacleblooms.org/speech-aba-autism-assessments","75","17","16","11","14","8","9","Fresh Chrome 390 and 1440 px plus content/readback","The play-invitation example connects capability, context, professional interpretation and a manageable family goal without claiming a diagnosis.","Assessment format, deliverables, fees and timing remain enquiry-level decisions. The assessment and AbilityScore imagery does not yet fully explain the professional decision as a complete branded inline creative.","No completed independent AbilityScore comparator result or universally guaranteed assessment deliverable; real visit outcomes unobserved.","Create a branded assessment-to-goal-to-review visual for the existing play example, and publish confirmed centre-specific assessment format, cost and deliverable information where available.","Add eligible completed research and dated appointment-deliverable evidence without changing the non-diagnostic boundary."
"51","Evidence Dossier · Version 2.0","verify","https://www.pinnacleblooms.org/verify/evidence/records/dossier.html","75","15","17","10","14","12","7","Content/readback; shared-template visual sample, no fresh individual rendered screenshot","Company dossier is an evidence map; controlled circulation and supersession are preserved.","Controlled access and superseded portions restrict direct comparison.","","Provide an eligible public source map while preserving controlled-document restrictions.",""
"52","Global Research Whitebook · Historical edition","verify","https://www.pinnacleblooms.org/verify/evidence/records/whitebook.html","75","15","16","12","13","11","8","Content/readback; shared-template visual sample, no fresh individual rendered screenshot","2025 edition remains historical; operative documents govern superseded assertions.","Current patent/validation limits require more record navigation.","","Link material superseded claims to current evidence from a historical-edition note.",""
"53","PinnacleAI® walkthrough · Developmental architecture","verify","https://www.pinnacleblooms.org/verify/evidence/records/sovereign-walkthrough.html","75","16","16","11","13","11","8","Content/readback; shared-template visual sample, no fresh individual rendered screenshot","Company architecture/cadence is attributed, not independent certification.","Technical description lacks a concrete example and convenient public source.","","Link source-faithful input-to-human-review example to public guide and operative records.",""
"54","Speech Assessment & Service Information","portal","https://www.pinnacleblooms.org/speech-therapy/service-information","75","17","15","12","12","10","9","Fresh Chrome 390 and 1440 px plus content/readback","A dated facts page states the confirmed free speech offer, approximate assessment/report timing and therapy/review duration, while separating a request from an appointment.","The selected centre, professional, inclusions, price outside the offer and report date remain to be confirmed; the page is a useful factual reference without demonstrated receiving-team agreement or a family's completed task.","Source is organisation-confirmed service information; actual appointment-specific report timing, session structure and care outcomes are unobserved.","Link each enquiry to a matching written visit confirmation that repeats the selected centre, professional, exact scope, cost and report timing, with the dated offer source retained.","Record dated centre-specific arrangements and observe actual appointment confirmation/attendance through existing reporting."
"55","Suchitra Centre","portal","https://www.pinnacleblooms.org/centers/best-autism-speech-aba-occupational-therapy-center-suchitra-hyderabad-telangana-india","75","17","17","11","12","9","9","Fresh Chrome 390 and 1440 px plus content/readback","Distinguishes Suchitra from Suchitra II, supplies real premises and named published professional profiles, and connects a block-sharing observation to a concrete next support decision.","Published profiles do not confirm today's roster or appointment, and the HFR Query Raised record is not final acceptance. Fees, access and visit details still require a receiving-team confirmation.","Query Raised is not accepted registration; current branch practitioners, appointments and outcomes remain unverified by the page.","Confirm the current roster, entrance/access and service/fee facts with the local team and produce a written appointment confirmation; retain the explicit status distinction and give the block example a complete branded inline composition.","Refresh the specific HFR decision and dated branch service/access facts without turning a status change into an outcome claim."
"56","A plan that evolves. Eight views to review.","verify","https://www.pinnacleblooms.org/verify/evidence/paradigm/08-review-and-reassess.html","76","16","17","10","13","11","9","Content/readback; shared-template visual sample, no fresh individual rendered screenshot","Multiple report views support an evolving review cycle.","No concrete priority change or version comparison.","","Illustrate comparable report versions and a priority change at review.",""
"57","Awards & nominations · Evidence of stage","verify","https://www.pinnacleblooms.org/verify/evidence/records/awards.html","76","15","17","11","13","12","8","Content/readback; shared-template visual sample, no fresh individual rendered screenshot","Nomination/submission differs from award decision; Udyam mislabelling is corrected.","Mostly source-gap statements with little original inspection.","","Add a partial application/source-stage ledger as eligible records are verified.",""
"58","Close the feedback loop. Review. Correct. Repeat.","verify","https://www.pinnacleblooms.org/verify/evidence/paradigm/06-feedback-that-shapes-care.html","76","16","17","10","13","11","9","Content/readback; shared-template visual sample, no fresh individual rendered screenshot","Observations return to activity and plan decisions.","No example shows continuing, adapting or pausing support.","","Show observation to human review to next decision without outcome promise.",""
"59","Intellectual property · Application-stage claims","verify","https://www.pinnacleblooms.org/verify/evidence/records/patents.html","76","15","17","11","13","12","8","Content/readback; shared-template visual sample, no fresh individual rendered screenshot","Application-stage IP avoids granted-patent/worldwide-protection claims.","Company portfolio references lack exact current office matches.","","Build a clearly partial applicant/title/publication/stage ledger from verified records.",""
"60","Mainstream Inclusion","portal","https://www.pinnacleblooms.org/mainstream","76","17","17","11","13","9","9","Fresh Chrome 390 and 1440 px plus content/readback","The drawing example makes choice, watching or joining, help cues, noise and peer setting concrete; it changes support after a different group response and avoids promising school entry.","The main narrative is stronger than the reused special-education inline scene. The complete branded hero alone does not show the distinctive mainstream observation-to-adjustment mechanism requested for the explanatory page.","Named readiness/module scope and hypothetical participation do not prove admission, school implementation or realised inclusion.","Generate a coherent complete branded inline creative for the same drawing example, showing quiet one-peer support, the noisier-group observation and the selected adjustment with family/teacher review.","Publish eligible dated implementation or study evidence for real participation with exact population and limits."
"61","Self-Sufficient Life","portal","https://www.pinnacleblooms.org/self-sufficient","76","17","17","11","13","9","9","Fresh Chrome 390 and 1440 px plus content/readback","The shoe example shows strengths, a real task adaptation, different home/nursery responses and a selected next support, while retaining the child's choice and right to help.","The distinctive narrative exceeds the reused PDK editorial inline scene. A complete branded hero alone does not fully carry the task adaptation and changed decision visually; family comprehension and intake outcomes are unobserved.","Intended developmental direction and module names do not prove individual independence, timetable or generalisation.","Create a complete branded inline shoe/outings sequence for the same child, showing stable seat/open fastening/help cue, home versus nursery observation and the selected correction.","Link eligible completed research or consented aggregated implementation evidence with exact setting/support and limitations."
"62","September handout · Current source narrative","verify","https://www.pinnacleblooms.org/verify/evidence/records/september-handout.html","76","16","17","10","14","12","7","Content/readback; shared-template visual sample, no fresh individual rendered screenshot","Dated private/confidential company narrative differs from operative evidence.","Controlled access/superseded claims restrict public comparison.","","Offer eligible public claim-to-original map without publishing controlled content.",""
"63","Tasks with a purpose. Participation in view.","verify","https://www.pinnacleblooms.org/verify/evidence/paradigm/07-skills-with-a-purpose.html","76","17","16","10","13","11","9","Content/readback; shared-template visual sample, no fresh individual rendered screenshot","Pencil task is connected to meaningful classroom participation.","Example stops before support, observation and review.","","Complete the example with child choice, adaptations and review questions.",""
"64","Pinnacle Global Autism Framework","portal","https://www.pinnacleblooms.org/pinnacle-global-autism-framework","77","17","18","11","13","9","9","Fresh Chrome 390 and 1440 px plus content/readback","The block/help example records a context-specific response and a quieter, shorter group adjustment; conditional professional roles, family review and the seven stages are connected. The help-journey creative has a relevant explanatory job.","The framework remains an illustrative institutional explanation rather than observed family comprehension or a bookable service decision. Some long explanatory sections could make the core loop quicker to find.","Framework purpose and illustrative decisions do not establish independent peer review or proven outcomes for the route shown.","Make the existing observed-response/changed-plan loop the first explanatory view, with a short explicit choice of where to start and what the receiving team must confirm for the family's centre.","Add eligible independent evaluation/implementation evidence with the precise question, population and status when available."
"65","Speech Therapy","portal","https://www.pinnacleblooms.org/top-speech-therapy-center-india-proven-improvement-rate","77","17","17","12","13","9","9","Fresh Chrome 390 and 1440 px plus content/readback","The closed-toy-box help request is specific and shows a familiar-adult response, a transfer limit and the next adjustment. Communication alternatives, seven stages and the confirmed free speech assessment are clear.","A long page plus broad centre content makes the most useful decision loop harder to skim. The visual sequence is mixed; actual receiving-team comprehension, professional availability and a confirmed appointment are unobserved.","Most programme support is first-party; no child-specific result, present professional roster or realised enquiry outcome established.","Place the toy-box observation-to-adjustment example in one complete branded inline creative near the first decision, shorten repeated explanation and give the receiving team a written offer/centre/professional confirmation checklist.","Add dated service/professional evidence and completed relevant research; observe actual connected calls and visits separately."
"66","AbilityScore Guide — English","verify","https://www.pinnacleblooms.org/verify/guides/abilityscore.html","78","17","15","10","14","13","9","Fresh Chrome 390 and 1440 px plus content/readback","English version: Abilities before score, versions/research stage and care-team questions are explained.","No complete score-to-everyday-goal example; contact primarily asks about evidence.","","Add illustrative profile-to-goal-to-observation example and clear care enquiry.",""
"67","AbilityScore Guide — Hindi","verify","https://www.pinnacleblooms.org/verify/guides/hi/abilityscore.html","78","17","15","10","14","13","9","Content/readback; shared-template visual sample, no fresh individual rendered screenshot","Hindi version: Abilities before score, versions/research stage and care-team questions are explained.","No complete score-to-everyday-goal example; contact primarily asks about evidence. Language equivalence is source-assessed; final human language/task review is unobserved.","","Add illustrative profile-to-goal-to-observation example and clear care enquiry. Preserve technical identifiers and language links.",""
"68","AbilityScore Guide — Telugu","verify","https://www.pinnacleblooms.org/verify/guides/te/abilityscore.html","78","17","15","10","14","13","9","Content/readback; shared-template visual sample, no fresh individual rendered screenshot","Telugu version: Abilities before score, versions/research stage and care-team questions are explained.","No complete score-to-everyday-goal example; contact primarily asks about evidence. Language equivalence is source-assessed; final human language/task review is unobserved.","","Add illustrative profile-to-goal-to-observation example and clear care enquiry. Preserve technical identifiers and language links.",""
"69","First Visit Guide","portal","https://www.pinnacleblooms.org/speech-therapy/first-visit-guide","78","18","17","12","12","10","9","Fresh Chrome 390 and 1440 px plus content/readback","Practical preparation, comfort/break/language questions, relevant reports and offer/timing clarification make this a useful task guide. Print/copy controls support use outside the page.","The guide still depends on a later conversation for the selected centre, clinician, exact inclusions and report timing, and no uncoached family preparation task or actual intake receipt was observed.","Source is organisational service guidance; language, duration, qualifications, report and fees need appointment-specific confirmation.","Give the receiving team a matching confirmation checklist for centre, qualified professional, inclusions, cost and report timing, then observe a small uncoached family preparation task to validate the guide.","Record dated appointment-specific service terms and observe whether families can use the preparation guide without coaching."
"70","MD-3 · Manufacturing-licence application","verify","https://www.pinnacleblooms.org/verify/evidence/records/md3.html","78","16","17","11","14","12","8","Content/readback; shared-template visual sample, no fresh individual rendered screenshot","Application/fee dates and application-versus-MD-5 distinction are preserved.","Read-original action leads to general rules; actual application is restricted Drive.","","Relabel rules and clearly mark the application source's access condition.",""
"71","PAN · Corporate identity document","verify","https://www.pinnacleblooms.org/verify/evidence/records/pan.html","78","15","17","11","14","12","9","Content/readback; shared-template visual sample, no fresh individual rendered screenshot","Corporate identity is supported without exposing PAN/QR or claiming tax compliance.","Intentionally private original limits public inspection to summary/guidance.","","Keep identifiers private and make inspected identity fields/review limits scannable.",""
"72","Recognition Register","verify","https://www.pinnacleblooms.org/verify/evidence/recognition-register.html","78","16","18","10","14","12","8","Content/readback; shared-template visual sample, no fresh individual rendered screenshot","Seven instruments retain authors/dates and appreciation-versus-agreement distinctions.","Mostly text page references with few direct inspection paths.","","Provide eligible redacted source links or labelled access instructions by instrument.",""
"73","Study Index","verify","https://www.pinnacleblooms.org/verify/evidence/study-index.html","78","16","17","11","14","12","8","Content/readback; shared-template visual sample, no fresh individual rendered screenshot","Twelve topics/cohorts preserve design, school-readiness and correlation limits.","Eight rows await original-report review, limiting complete inspection.","","Make source availability filterable and add originals only as verified.",""
"74","Teacher Observation Guide","portal","https://www.pinnacleblooms.org/speech-therapy/teacher-observation-guide","78","18","18","11","12","10","9","Fresh Chrome 390 and 1440 px plus content/readback","A usable situation/support/response/question structure and concrete help-request example make the observation job clear. Consent, confidentiality and non-diagnostic limits are explicit; print/copy supports practical use.","No teacher/family task test or actual professional receiving this note was observed, and the handoff destination and resulting review are still generic.","Organisational observation aid has no empirical reliability/validation or observed uncoached family/teacher use.","Give a precise consented handoff route and a sample professional response showing how this observation informs a decision, then observe a teacher completing and a receiving professional interpreting the guide.","Observe real uncoached guide use and add eligible evaluation evidence while retaining its discussion-aid status."
"75","Books & parent resources · Publication records","verify","https://www.pinnacleblooms.org/verify/evidence/records/books.html","79","16","17","12","14","11","9","Content/readback; shared-template visual sample, no fresh individual rendered screenshot","Reconciles authorship/printed metadata and avoids peer-review inference.","Little account of the contents of each authored resource.","","Link source-faithful book previews to the original editions.",""
"76","Everyday Practice Guide — English","verify","https://www.pinnacleblooms.org/verify/guides/everyday-practice.html","79","17","16","10","14","13","9","Content/readback; shared-template visual sample, no fresh individual rendered screenshot","English version: Assessment, selected practice, observation, review and seven-stage direction connect.","Discussion prompts do not complete one routine from plan to review; care action is weak.","","Work through a family-chosen routine, agreed support and next review with clear care contact.",""
"77","Everyday Practice Guide — Hindi","verify","https://www.pinnacleblooms.org/verify/guides/hi/everyday-practice.html","79","17","16","10","14","13","9","Content/readback; shared-template visual sample, no fresh individual rendered screenshot","Hindi version: Assessment, selected practice, observation, review and seven-stage direction connect.","Discussion prompts do not complete one routine from plan to review; care action is weak. Language equivalence is source-assessed; final human language/task review is unobserved.","","Work through a family-chosen routine, agreed support and next review with clear care contact. Preserve technical identifiers and language links.",""
"78","Everyday Practice Guide — Telugu","verify","https://www.pinnacleblooms.org/verify/guides/te/everyday-practice.html","79","17","16","10","14","13","9","Fresh Chrome 390 and 1440 px plus content/readback","Telugu version: Assessment, selected practice, observation, review and seven-stage direction connect.","Discussion prompts do not complete one routine from plan to review; care action is weak. Language equivalence is source-assessed; final human language/task review is unobserved.","","Work through a family-chosen routine, agreed support and next review with clear care contact. Preserve technical identifiers and language links.",""
"79","Global Context","verify","https://www.pinnacleblooms.org/verify/evidence/global-context.html","79","18","16","11","13","12","9","Content/readback; shared-template visual sample, no fresh individual rendered screenshot","Explains licensed functions, global terminology and family relevance with contextual sources.","Broad global argument exceeds its concrete family decision example.","","Show one goal connecting observation, professional interpretation and next review.",""
"80","Pinnacle Global Autism Framework (PGAF): India's First Validated, Scalable, Outcome-Based Child Development System","verify","https://www.pinnacleblooms.org/verify/evidence/publications/zenodo-15487405.html","79","17","16","14","13","10","9","Content/readback; shared-template visual sample, no fresh individual rendered screenshot","Historical author/version/DOI and attribution qualify validation/patent language.","Reproduced ambitious claims still need a clearer interpretation.","","Separate what-this-edition-establishes from current research and IP records.",""
"81","National Autism Helpline","helpline","https://www.pinnacleblooms.org/national-autism-helpline","80","18","17","11","14","11","9","Fresh Chrome 390 and 1440 px plus content/readback","Direct free-guidance call, documented hours/languages, what-to-say/fee/availability questions, seven-stage purpose and separately sourced other helplines.","The call action is prominent and the guidance scope is clear. Actual receiving-team handoff, completed calls, family comprehension, field/device behaviour and organic retrieval are not established by this read-only review.","","Preserve the clear call task. Demonstrate the actual guidance handoff and maintain dated resource routing, then evaluate real uncoached family use and consented call/search observations separately.",""
"82","GST · Registration and name reconciliation","verify","https://www.pinnacleblooms.org/verify/evidence/records/gst.html","81","17","18","11","14","12","9","Content/readback; shared-template visual sample, no fresh individual rendered screenshot","Former-name certificate/current-match uncertainty/privacy boundary are retained.","Current name match remains unresolved; public source inspection is constrained.","","Show historical reconciliation and use only an eligible verified current match for later claims.",""
"83","Trademarks, copyright & publishing records","verify","https://www.pinnacleblooms.org/verify/evidence/records/marks-copyright.html","81","16","17","13","14","12","9","Content/readback; shared-template visual sample, no fresh individual rendered screenshot","Official application-list example separates applications, grants and publishing IDs.","Wider registered portfolio is unestablished; ledger is partial.","","Add an explicitly partial title/application/issued-record ledger.",""
"84","PinnacleAI® regulatory journey · Purpose, evidence and export readiness","verify","https://www.pinnacleblooms.org/verify/evidence/records/pinnacleai-story.html","82","17","17","13","14","12","9","Content/readback; shared-template visual sample, no fresh individual rendered screenshot","Purpose/functions/research/export documents link to complete story.","Summary duplicates introduction with little added inspection decision.","","Make this a document-to-story source map.",""
"85","CDSCO classification · Application and licence trail","verify","https://www.pinnacleblooms.org/verify/evidence/records/classification.html","83","17","18","12","14","13","9","Content/readback; shared-template visual sample, no fresh individual rendered screenshot","Separates Class A application, company-described decision and operative Class B MD-5.","Issued classification decision is unavailable; chronology needs effort.","","Show an application-to-licence timeline with unseen decision separate.",""
"86","Disability-welfare registrations · District scope","verify","https://www.pinnacleblooms.org/verify/evidence/records/district-register.html","83","17","18","12","14","13","9","Content/readback; shared-template visual sample, no fresh individual rendered screenshot","Keeps institution-specific originals and renewal limits separate from grouped counts.","Finding a premises record takes an additional page.","","Use district/source/status links to each individual record.",""
"87","District Registration Register","verify","https://www.pinnacleblooms.org/verify/evidence/district-register.html","83","17","18","12","14","13","9","Content/readback; shared-template visual sample, no fresh individual rendered screenshot","Separates district totals, inspected originals, renewals and historical Nellore; selected redacted PDF linked.","Individual district-to-record inspection paths are limited.","","Link each district row to its available original/record and retain unknown renewals.",""
"88","Government appreciation · Seven source letters","verify","https://www.pinnacleblooms.org/verify/evidence/records/appreciations.html","83","17","18","12","14","13","9","Content/readback; shared-template visual sample, no fresh individual rendered screenshot","Preserves instrument contexts and limits appreciation/recommendation/endorsement inference.","Specific-source inspection requires another register.","","Bring eligible redacted page links beside each instrument.",""
"89","Twelve-study portfolio · Company research","verify","https://www.pinnacleblooms.org/verify/evidence/records/study-portfolio.html","83","17","18","12","14","13","9","Content/readback; shared-template visual sample, no fresh individual rendered screenshot","Populations/methods/limits are not replaced by network-service totals.","Original-report availability and method review are incomplete across twelve studies.","","Use source/status table with pending original reviews distinct.",""
"90","Verify Home","verify","https://www.pinnacleblooms.org/verify/","83","19","17","12","14","12","9","Fresh Chrome 390 and 1440 px plus content/readback","Life-first introduction, reading controls, illustrative report explorer and precise source records have value.","Long family/evidence mix lacks common header/footer and a simpler first decision.","","Offer family/professional/source-record entry paths within the common shell.",""
"91","Attapur · District institution registration","verify","https://www.pinnacleblooms.org/verify/evidence/records/rpwd-attapur.html","84","17","18","13","14","13","9","Content/readback; shared-template visual sample, no fresh individual rendered screenshot","Premises scope and blank certificate number are preserved.","Current visit and source inspection are separated.","","Pair eligible excerpt, printed dates and official centre-page link.",""
"92","Begumpet · District institution registration","verify","https://www.pinnacleblooms.org/verify/evidence/records/rpwd-begumpet.html","84","17","18","13","14","13","9","Content/readback; shared-template visual sample, no fresh individual rendered screenshot","Named district institution/premises limits are preserved.","Current centre and source record require separate steps.","","Pair original excerpt, centre destination and dated status boundary.",""
"93","Dataset Reuse Licence","verify","https://www.pinnacleblooms.org/verify/evidence/dataset-reuse-v1.html","84","17","18","13","14","13","9","Content/readback; shared-template visual sample, no fresh individual rendered screenshot","Separates first-party compilation rights from third-party source-document rights.","Readers connect terms to a particular download themselves.","","Map covered datasets, permitted reuse and required attribution.",""
"94","Licences & Scope Guide — English","verify","https://www.pinnacleblooms.org/verify/guides/licences-and-scope.html","84","18","18","11","14","14","9","Content/readback; shared-template visual sample, no fresh individual rendered screenshot","English version: Parent-readable MD-5/BIS/MD-3 comparison retains user, non-diagnostic and age limits.","Record comparison is mostly prose and the quick inspection action could be clearer.","","Map document/question/scope with exact source links and care-team questions.",""
"95","Licences & Scope Guide — Hindi","verify","https://www.pinnacleblooms.org/verify/guides/hi/licences-and-scope.html","84","18","18","11","14","14","9","Content/readback; shared-template visual sample, no fresh individual rendered screenshot","Hindi version: Parent-readable MD-5/BIS/MD-3 comparison retains user, non-diagnostic and age limits.","Record comparison is mostly prose and the quick inspection action could be clearer. Language equivalence is source-assessed; final human language/task review is unobserved.","","Map document/question/scope with exact source links and care-team questions. Preserve technical identifiers and language links.",""
"96","Licences & Scope Guide — Telugu","verify","https://www.pinnacleblooms.org/verify/guides/te/licences-and-scope.html","84","18","18","11","14","14","9","Content/readback; shared-template visual sample, no fresh individual rendered screenshot","Telugu version: Parent-readable MD-5/BIS/MD-3 comparison retains user, non-diagnostic and age limits.","Record comparison is mostly prose and the quick inspection action could be clearer. Language equivalence is source-assessed; final human language/task review is unobserved.","","Map document/question/scope with exact source links and care-team questions. Preserve technical identifiers and language links.",""
"97","Network-wide improvement claim · Evidence definition","verify","https://www.pinnacleblooms.org/verify/evidence/records/outcome-claim.html","84","17","19","11","14","14","9","Content/readback; shared-template visual sample, no fresh individual rendered screenshot","Does not treat an unreproduced headline as verified improvement; required calculation is specified.","Underlying reproducible calculation is unavailable; main action is enquiry.","","Keep the hold and clearly map established versus required calculation evidence.",""
"98","Nizamabad · District institution registration","verify","https://www.pinnacleblooms.org/verify/evidence/records/rpwd-nizamabad.html","84","17","18","13","14","13","9","Content/readback; shared-template visual sample, no fresh individual rendered screenshot","Named institution/district scope avoids network-wide inference.","Current centre navigation is separate from the dated document.","","Pair original, printed dates and centre destination.",""
"99","PinnacleAI Regulatory Story","verify","https://www.pinnacleblooms.org/verify/evidence/pinnacleai-regulatory-journey.html","84","19","17","12","14","13","9","Fresh Chrome 390 and 1440 px plus content/readback","Connects purpose, Indian licence, research stages and export documents with international limits.","Broad chronology needs translation into a family's next question.","","Add what-to-ask guidance on software version, professional oversight and individual plan.",""
"100","Scale & Definitions Register","verify","https://www.pinnacleblooms.org/verify/evidence/scale-register.html","84","18","18","12","14","13","9","Content/readback; shared-template visual sample, no fresh individual rendered screenshot","Six measures connect meaning, cutoff, source and report role.","Comparing different definitions still needs related-page reading.","","Use one measure/source/cutoff table with direct ledger link.",""
"101","Udyam · Enterprise registration","verify","https://www.pinnacleblooms.org/verify/evidence/records/udyam.html","84","17","18","13","14","13","9","Content/readback; shared-template visual sample, no fresh individual rendered screenshot","Business registration is not presented as clinical approval or an award.","Identity/date/current-status check are dispersed.","","Use registration/printed-date/original/current-check panel.",""
"102","Evidence Register","verify","https://www.pinnacleblooms.org/verify/evidence/evidence-register.html","85","18","18","13","15","12","9","Content/readback; shared-template visual sample, no fresh individual rendered screenshot","All 36 records expose support, limits and review dates.","Repeated full-record run and absent common navigation hinder scanning.","","Start with a question/category chooser and status legend; preserve complete records.",""
"103","ISO 13485 · Quality management","verify","https://www.pinnacleblooms.org/verify/evidence/records/iso13485.html","85","17","18","13","14","13","10","Content/readback; shared-template visual sample, no fresh individual rendered screenshot","Quality-system scope and historic diagnostic wording remain separate from MD-5.","Scope/surveillance/current status are distributed in prose.","","Place scope/date/check boundary beside the original certificate.",""
"104","ISO/IEC 27001 · Information security","verify","https://www.pinnacleblooms.org/verify/evidence/records/iso27001.html","85","17","18","13","14","13","10","Content/readback; shared-template visual sample, no fresh individual rendered screenshot","Security-system scope differs from zero-breach guarantees; identifier is reconciled.","Identifier/scope/surveillance/current check need assembling.","","Use one exact-identifier/scope/date panel with original source.",""
"105","Organisation Profile","verify","https://www.pinnacleblooms.org/verify/evidence/organisation-profile.html","86","18","18","13","15","13","9","Content/readback; shared-template visual sample, no fresh individual rendered screenshot","Separates brand/operator/history, measures, research stage and editor reference use.","Institutional facts lack a short reader-path choice.","","Provide identity, care and research entry paths without changing the factual profile.",""
"106","PinnacleAI Paradigm Shift","verify","https://www.pinnacleblooms.org/verify/evidence/pinnacle-paradigm-shift.html","86","19","18","13","14","13","9","Fresh Chrome 390 and 1440 px plus content/readback","Owned life-first narrative and original perspectives connect purpose to the system.","Repeated perspectives lack one complete goal-to-review worked example; common shell absent.","","Use one family goal to connect the nine perspectives and first conversation.",""
"107","Regional Contact Reference","verify","https://www.pinnacleblooms.org/verify/evidence/hyderabad-telangana-andhra-pradesh-contact.html","86","18","18","14","14","13","9","Content/readback; shared-template visual sample, no fresh individual rendered screenshot","Source-linked regional centres and central contact avoid invented service availability.","Long regional list is less direct than a location-to-call decision.","","Add concise location selection with call-to-confirm services and fees.",""
"108","Company incorporation & name history","verify","https://www.pinnacleblooms.org/verify/evidence/records/mca.html","87","18","18","14","14","13","10","Content/readback; shared-template visual sample, no fresh individual rendered screenshot","Name-change certificate/CIN/GLEIF match do not imply current compliance.","Name history is less scannable than a dated sequence.","","Show the two names and event in a concise original-linked timeline.",""
"109","DPIIT / DIPP · Startup recognition","verify","https://www.pinnacleblooms.org/verify/evidence/records/dpiit.html","87","18","18","14","14","13","10","Content/readback; shared-template visual sample, no fresh individual rendered screenshot","Original certificate and historical official list separate recognition from other approvals.","Historical certificate/current rules/current check are dispersed.","","Use a historical-certificate versus current-check panel, without claiming fresh verification.",""
"110","Nellore · Historical district registration","verify","https://www.pinnacleblooms.org/verify/evidence/records/rpwd-nellore.html","87","18","19","12","15","14","9","Content/readback; shared-template visual sample, no fresh individual rendered screenshot","Historical printed expiry is explicit; absence of a renewal copy is not nonrenewal.","Renewed original is unavailable; current enquiry needs clearer separation.","","Keep historical certificate with a separate current-document enquiry.",""
"111","Six-Month Change and Follow-up Patterns in AbilityScore During Routine Paediatric Developmental Care in India: Protocol for the PINNACLE-TRAJ Retrospective Multicentre Cohort Study","verify","https://www.pinnacleblooms.org/verify/evidence/publications/zenodo-22761832.html","87","17","18","14","15","13","10","Content/readback; shared-template visual sample, no fresh individual rendered screenshot","Planned cohort, pending ethics/registration and no results are explicit.","Long abstract obscures prerequisites and intended endpoint.","","Summarise planned endpoint, pending conditions and unsupported causal conclusions.",""
"112","AbilityScore · Methodology preprint","verify","https://www.pinnacleblooms.org/verify/evidence/records/methodology.html","88","18","18","14","15","13","10","Content/readback; shared-template visual sample, no fresh individual rendered screenshot","Preliminary findings differ from completed external validity; preprint linked.","Actual methods/properties require another page.","","Add methods/limits summary and direct original-publication navigation.",""
"113","AbilityScore: Development and Preliminary Psychometric Characterization of a Standardized Composite Index for Quantifying Child Developmental Readiness","verify","https://www.pinnacleblooms.org/verify/evidence/publications/zenodo-19482123.html","88","18","18","14","15","13","10","Content/readback; shared-template visual sample, no fresh individual rendered screenshot","Original authors/abstract/version/DOI preserve preliminary-methodology status.","Reader translates a technical abstract into meaning and limits.","","Add a concise question, method, finding and limitation summary above the abstract.",""
"114","Centre Entity Reference","verify","https://www.pinnacleblooms.org/verify/evidence/centre-entity-reference.html","88","18","19","13","15","14","9","Content/readback; shared-template visual sample, no fresh individual rendered screenshot","58 source entities retain IDs, aliases, route destinations and operating-status limits.","Long crosswalk requires effort to find one familiar centre.","","Add a concise name/ID lookup with source and centre links together.",""
"115","Licensing Developmental-Support Software in India: An April 2026 Case Study Assessed Against CDSCO's July 2026 Guidance","verify","https://www.pinnacleblooms.org/verify/evidence/publications/zenodo-22761782.html","88","18","18","14","15","13","10","Content/readback; shared-template visual sample, no fresh individual rendered screenshot","Documentary case-study/version/preprint status avoid efficacy and foreign-authorisation inference.","Chronology and distinctions are dense for a quick conclusion.","","Add a concise licence-versus-analysis timeline and limitation summary.",""
"116","Meaningful Change in Childhood Participation: A Systematic Review Protocol for Child- and Caregiver-Anchored Estimates in Neurodevelopmental Disability","verify","https://www.pinnacleblooms.org/verify/evidence/publications/zenodo-22827813.html","88","18","18","14","15","13","10","Content/readback; shared-template visual sample, no fresh individual rendered screenshot","Authors/unregistered status/planned methods/no results retain the protocol's true stage.","Important-change concepts need a plainer question summary.","","Explain score change versus child/caregiver-meaningful change in an attributed reader summary.",""
"117","Research & Books Library","verify","https://www.pinnacleblooms.org/verify/evidence/research-library.html","88","19","18","14","14","13","10","Fresh Chrome 390 and 1440 px plus content/readback","Seven DOI works/books/authors and distinct study portfolio have reusable exports.","Mixed stages/long titles obscure first reading choice; common shell absent.","","Add research-question and stage selection above catalogue.",""
"118","Scale claims · Dates and definitions","verify","https://www.pinnacleblooms.org/verify/evidence/records/operating-metrics.html","88","18","19","13","14","14","10","Content/readback; shared-template visual sample, no fresh individual rendered screenshot","Separates services/registrations/centres/events and uninspected management updates.","Numerous dates and counting definitions remain dense.","","Use measure/date/unit/source table separating company updates from report findings.",""
"119","Verify Privacy & Analytics Choices","verify","https://www.pinnacleblooms.org/verify/evidence/privacy.html","88","18","18","14","15","14","9","Content/readback; shared-template visual sample, no fresh individual rendered screenshot","Explains voluntary analytics, withdrawal, GPC, translation and excluded sensitive fields.","Choice control lacks the requested common site context.","","Preserve exact privacy behavior with a plainly labelled choice control in common navigation.",""
"120","Claim Ledger","verify","https://www.pinnacleblooms.org/verify/evidence/claim-ledger.html","89","18","19","13","15","14","10","Content/readback; shared-template visual sample, no fresh individual rendered screenshot","Six dated measures have counting rules, exclusions and exact report pages.","Common navigation and a short comparison of report types are missing.","","Keep the six-measure table and add a concise report-scope legend.",""
"121","Legal entity · Independent registry match","verify","https://www.pinnacleblooms.org/verify/evidence/records/lei.html","89","18","18","14","15","14","10","Content/readback; shared-template visual sample, no fresh individual rendered screenshot","Official GLEIF name/CIN and entity/registration statuses are distinguished.","Common context and quick organisational-profile path are absent.","","Add brand/legal-operator/history crosswalk in common shell with official lookup retained.",""
"122","AbilityScore · External-validation protocol","verify","https://www.pinnacleblooms.org/verify/evidence/records/external-validation.html","90","18","19","14","15","14","10","Content/readback; shared-template visual sample, no fresh individual rendered screenshot","Planned protocol is clearly separate from completed comparator results.","Unanswered validation questions could be faster to inspect.","","Add a protocol-question/status table; revise only when results exist.",""
"123","BIS · Medical device management system","verify","https://www.pinnacleblooms.org/verify/evidence/records/bis.html","90","19","18","14","15","14","10","Fresh Chrome 390 and 1440 px plus content/readback","Licence/dates/exact schedule/source excerpt preserve software-quality scope.","Repeated sharing/citation competes with scope and original inspection.","","Lead with a compact scope table and original schedule preview.",""
"124","Concurrent Validity, Test-Retest Reliability, and Preliminary Minimal Clinically Important Difference of PinnacleAI AbilityScore: A Cross-Sectional Psychometric Validation Study Protocol","verify","https://www.pinnacleblooms.org/verify/evidence/publications/zenodo-19482476.html","90","18","19","14","15","14","10","Content/readback; shared-template visual sample, no fresh individual rendered screenshot","Protocol is plainly separate from completed validation, with original source/citations.","Planned work needs a quick established-versus-unanswered summary.","","Add a planned-versus-established table with original methods and byline intact.",""
"125","ABDM / NHA · Health Facility Registry","verify","https://www.pinnacleblooms.org/verify/evidence/records/hfr.html","91","19","19","14","15","14","10","Content/readback; shared-template visual sample, no fresh individual rendered screenshot","Literal dated statuses, exact/additional IDs and one-account review limits are clear.","Particular centre lookup requires another page.","","Link name/ID lookup to dated record and official centre destination.",""
"126","CA Assurance & UDIN Map","verify","https://www.pinnacleblooms.org/verify/evidence/assurance-map.html","91","19","19","14","15","14","10","Content/readback; shared-template visual sample, no fresh individual rendered screenshot","Exact claim/page map separates limited assurance from factual findings and links the dated UDIN receipt.","Absent common navigation separates a strong reference from the managed site.","","Use the common shell and preserve the report comparison and original-page links.",""
"127","Geographic Concentration of RCI-Listed Rehabilitation Training Institutions in India: A Reproducible National Register Analysis","verify","https://www.pinnacleblooms.org/verify/evidence/publications/zenodo-22761810.html","91","19","19","14","15","14","10","Content/readback; shared-template visual sample, no fresh individual rendered screenshot","Original methods/results and attributed figures retain register-count/capacity limits.","Opening could clarify the practical research question before the abstract.","","Introduce the exact snapshot question and annotate one original figure without workforce inference.",""
"128","HFR Register","verify","https://www.pinnacleblooms.org/verify/evidence/hfr-register.html","91","19","19","14","15","14","10","Content/readback; shared-template visual sample, no fresh individual rendered screenshot","Searchable exact IDs preserve dated workflow status, source rows and duplicate-record/account limits.","Registration and current visit decisions remain separate in navigation.","","Keep status meaning beside the official centre destination.",""
"129","Independent practitioner · Factual findings","verify","https://www.pinnacleblooms.org/verify/evidence/records/srs4400.html","91","19","19","14","15","14","10","Content/readback; shared-template visual sample, no fresh individual rendered screenshot","Factual procedures/findings and no assurance conclusion are explicit.","SAE 3000 comparison/common context require extra navigation.","","Add concise report-type comparison with finding/page map intact.",""
"130","Independent practitioner · Limited assurance","verify","https://www.pinnacleblooms.org/verify/evidence/records/sae3000.html","91","19","19","14","15","14","10","Content/readback; shared-template visual sample, no fresh individual rendered screenshot","Limited assurance/floors/cutoff/exclusions and dated UDIN check are precise.","Comparison with SRS 4400 requires another page; common shell absent.","","Add concise report-type comparison while retaining exact source map.",""
"131","MD-5 · Class B manufacturing licence","verify","https://www.pinnacleblooms.org/verify/evidence/records/md5.html","91","19","19","14","15","14","10","Fresh Chrome 390 and 1440 px plus content/readback","Named device/version/ages/users/functions, original annexure and corrected letter are explicit.","Repeated sharing/citations and absent common shell increase reading effort.","","Lead with scope table, exact annexure and software-versus-human responsibility.",""
"132","Citation Library","verify","https://www.pinnacleblooms.org/verify/evidence/cite.html","92","19","19","15","15","14","10","Fresh Chrome 390 and 1440 px plus content/readback","Original-author citations and BibTeX/RIS/text distinguish summaries from original publications.","Mixed long catalogue makes choosing citation type harder; common shell absent.","","Add a publication-versus-evidence-summary selector within the common shell.",""
"133","FSC · Free Sale Certificate for export","verify","https://www.pinnacleblooms.org/verify/evidence/records/fsc.html","92","19","19","15","15","14","10","Fresh Chrome 390 and 1440 px plus content/readback","Certificate/application, exact device match and importing-country limits are explicit.","Repeated sharing interrupts certificate-to-scope reading.","","Put original and domestic-standing versus foreign-authorisation comparison first.",""
