"Address","Occurrences","Indexability","Indexability Status","Canonical Link Element 1","HTTP Canonical","Meta Robots 1","X-Robots-Tag 1","rel=""next"" 1","rel=""prev"" 1","HTTP rel=""next"" 1","HTTP rel=""prev"" 1"
"https://www.pinnacleblooms.org/sunshine/topic/car-seat-cushions-and-child-travel-safety-3394","1","Indexable","","https://www.pinnacleblooms.org/sunshine/topic/car-seat-cushions-and-child-travel-safety-3394","","index, follow, max-image-preview:large","index, follow, max-image-preview:large","","","",""
"https://www.pinnacleblooms.org/sunshine/techniques","1","Indexable","","https://www.pinnacleblooms.org/sunshine/techniques","","index, follow, max-image-preview:large","index, follow, max-image-preview:large","","","",""
"https://www.pinnacleblooms.org/sunshine","1","Indexable","","https://www.pinnacleblooms.org/sunshine","","index, follow, max-image-preview:large","index, follow, max-image-preview:large","","","",""
"https://www.pinnacleblooms.org/faq/hindi/occupational-therapy","1","Indexable","","https://www.pinnacleblooms.org/faq/hindi/occupational-therapy","","index, follow, max-image-preview:large","index, follow, max-image-preview:large","","","",""
"https://www.pinnacleblooms.org/mirracles/20710890947/Directly-from-Parent--Pinnacle-Proven-Integrated-Autism-Therapy-Improvement--CDN--10","1","Indexable","","https://www.pinnacleblooms.org/mirracles/20710890947/Directly-from-Parent--Pinnacle-Proven-Integrated-Autism-Therapy-Improvement--CDN--10","","index, follow, max-image-preview:large","index, follow, max-image-preview:large","","","",""
"https://www.pinnacleblooms.org/faq/english/speech-therapy/autism-speech-therapy","1","Indexable","","https://www.pinnacleblooms.org/faq/english/speech-therapy/autism-speech-therapy","","index, follow, max-image-preview:large","index, follow, max-image-preview:large","","","",""
"https://www.pinnacleblooms.org/faq","1","Indexable","","https://www.pinnacleblooms.org/faq","","index, follow, max-image-preview:large","index, follow, max-image-preview:large","","","",""
"https://www.pinnacleblooms.org/allmirracles/category/Conditions","1","Indexable","","https://www.pinnacleblooms.org/allmirracles/category/Conditions","","index, follow, max-image-preview:large","index, follow, max-image-preview:large","","","",""
"https://www.pinnacleblooms.org/allmirracles","1","Indexable","","https://www.pinnacleblooms.org/allmirracles","","index, follow, max-image-preview:large","index, follow, max-image-preview:large","","","",""
"https://pinnacleblooms.org/ask/what-is-an-iep-individualised-education-plan","1","Indexable","","https://pinnacleblooms.org/ask/what-is-an-iep-individualised-education-plan","","index, follow, max-image-preview:large","index, follow, max-image-preview:large","","","",""
"https://pinnacleblooms.org/ask","1","Indexable","","https://pinnacleblooms.org/ask","","index, follow, max-image-preview:large","index, follow, max-image-preview:large","","","",""
"https://pinnacleblooms.org/ask/pincer-grasp","1","Non-Indexable","noindex","https://pinnacleblooms.org/ask/pincer-grasp","","noindex, follow","noindex, follow","","","",""
