"Address","Occurrences","H1-1","H1-1 Length","Indexability","Indexability Status"
"https://www.pinnacleblooms.org/sunshine/topic/car-seat-cushions-and-child-travel-safety-3394","1","Car seat cushions and child travel safety","41","Indexable",""
"https://www.pinnacleblooms.org/sunshine/techniques","1","Therapy techniques in your child’s world.","41","Indexable",""
"https://www.pinnacleblooms.org/sunshine","1","See your child’s development from every useful angle.","53","Indexable",""
"https://www.pinnacleblooms.org/faq/hindi/occupational-therapy","1","ऑक्यूपेशनल थेरेपी: रोज़ के काम, बढ़ती आज़ादी।","45","Indexable",""
"https://www.pinnacleblooms.org/mirracles/20710890947/Directly-from-Parent--Pinnacle-Proven-Integrated-Autism-Therapy-Improvement--CDN--10","1","Directly from Parent - Pinnacle Proven Integrated Autism Therapy Improvement - CDN - 10","87","Indexable",""
"https://www.pinnacleblooms.org/faq/english/speech-therapy/autism-speech-therapy","1","What does speech therapy for my kid with autism entail at Pinnacle Blooms Network?","82","Indexable",""
"https://www.pinnacleblooms.org/faq","1","Your questions. Your child’s possibilities.","43","Indexable",""
"https://www.pinnacleblooms.org/allmirracles/category/Conditions","1","Conditions · Mirracles video library","36","Indexable",""
"https://www.pinnacleblooms.org/allmirracles","1","Mirracles video library","23","Indexable",""
"https://pinnacleblooms.org/ask/what-is-an-iep-individualised-education-plan","1","What is an IEP (Individualised Education Plan)?","47","Indexable",""
"https://pinnacleblooms.org/ask","1","Your questions matter. Start with clarity.","42","Indexable",""
"https://pinnacleblooms.org/ask/pincer-grasp","1","Pincer grasp: meaning, development and safe practice","52","Non-Indexable","noindex"
