"Address","Occurrences","Meta Description 1","Meta Description 1 Length","Meta Description 1 Pixel Width","Indexability","Indexability Status"
"https://www.pinnacleblooms.org/sunshine/topic/car-seat-cushions-and-child-travel-safety-3394","1","A cushion sold with a belt is not evidence that it is an approved child car restraint. For travel, choose a suitable child restraint and follow both its man…","157","922","Indexable",""
"https://www.pinnacleblooms.org/sunshine/techniques","1","Explore methods as part of a child-specific plan.","49","295","Indexable",""
"https://www.pinnacleblooms.org/sunshine","1","Explore child development through conditions, behaviours, milestones, abilities, skills, therapy techniques, materials and assessments. Connect a question with useful support.","175","1074","Indexable",""
"https://www.pinnacleblooms.org/faq/hindi/occupational-therapy","1","खाना, कपड़े पहनना, खेलना और स्कूल के काम: ऑक्यूपेशनल थेरेपी की भूमिका समझें। Pinnacle Blooms Network के हिन्दी जवाब और अगले कदम पढ़ें।","134","756","Indexable",""
"https://www.pinnacleblooms.org/mirracles/20710890947/Directly-from-Parent--Pinnacle-Proven-Integrated-Autism-Therapy-Improvement--CDN--10","1","Explore published Pinnacle videos, read the evidence, and discuss a child-specific next step with our team.","107","649","Indexable",""
"https://www.pinnacleblooms.org/faq/english/speech-therapy/autism-speech-therapy","1","Pinnacle Blooms Network's speech therapy for kids with autism serves as a beacon of hope, stirring improvement in speaking, understanding, and expressing both verbal and nonverbal language, enabling them to thrive.","214","1345","Indexable",""
"https://www.pinnacleblooms.org/faq","1","Find clear answers about speech, occupational, behavioural and special education support. Explore the next step toward your child’s independence and participation.","163","1018","Indexable",""
"https://www.pinnacleblooms.org/allmirracles/category/Conditions","1","Explore published Pinnacle videos, read the evidence, and discuss a child-specific next step with our team.","107","649","Indexable",""
"https://www.pinnacleblooms.org/allmirracles","1","Explore published Pinnacle videos, read the evidence, and discuss a child-specific next step with our team.","107","649","Indexable",""
"https://pinnacleblooms.org/ask/what-is-an-iep-individualised-education-plan","1","Understand an Individualised Education Plan, prepare for a school meeting and choose useful learning goals. India guidance with US IDEA rights clearly separated.","161","999","Indexable",""
"https://pinnacleblooms.org/ask","1","Clear explanations about child development, therapies and everyday life. Explore questions, sources and next steps with Pinnacle Blooms Network.","144","903","Indexable",""
"https://pinnacleblooms.org/ask/pincer-grasp","1","A pincer grasp uses the thumb and index finger together. Explore developmental questions, safe everyday practice and when to discuss hand use with a professional. Pinnacle Blooms Network connects the skill with useful participation in meals, play and learning.","260","1611","Non-Indexable","noindex"
