"Address","Occurrences","Title 1","Title 1 Length","Title 1 Pixel Width","Indexability","Indexability Status"
"https://www.pinnacleblooms.org/sunshine/topic/car-seat-cushions-and-child-travel-safety-3394","1","Car seat cushions and child travel safety | Pinnacle Sunshine","61","539","Indexable",""
"https://www.pinnacleblooms.org/sunshine/techniques","1","Therapy techniques | Sunshine child development library | Pinnacle Blooms Network","81","745","Indexable",""
"https://www.pinnacleblooms.org/sunshine","1","Sunshine child development library | Pinnacle Blooms Network","60","555","Indexable",""
"https://www.pinnacleblooms.org/faq/hindi/occupational-therapy","1","ऑक्यूपेशनल थेरेपी के सवाल और जवाब | Pinnacle Blooms Network","59","521","Indexable",""
"https://www.pinnacleblooms.org/mirracles/20710890947/Directly-from-Parent--Pinnacle-Proven-Integrated-Autism-Therapy-Improvement--CDN--10","1","Directly from Parent - Pinnacle Proven Integrated Autism Therapy Improvement - CDN - 10 | Pinnacle Blooms Network","113","1047","Indexable",""
"https://www.pinnacleblooms.org/faq/english/speech-therapy/autism-speech-therapy","1","Empowering Autism Speech Therapy at Pinnacle Blooms Network","59","585","Indexable",""
"https://www.pinnacleblooms.org/faq","1","Child development questions & answers | Pinnacle Blooms Network","63","600","Indexable",""
"https://www.pinnacleblooms.org/allmirracles/category/Conditions","1","Conditions · Mirracles video library | Pinnacle Blooms Network","62","550","Indexable",""
"https://www.pinnacleblooms.org/allmirracles","1","Mirracles video library | Pinnacle Blooms Network","49","440","Indexable",""
"https://pinnacleblooms.org/ask/what-is-an-iep-individualised-education-plan","1","IEP in India: Goals, School Support & Review | Ask Pinnacle","59","519","Indexable",""
"https://pinnacleblooms.org/ask","1","Ask Pinnacle | Child development questions, answers & guidance","62","576","Indexable",""
"https://pinnacleblooms.org/ask/pincer-grasp","1","Pincer grasp: meaning, development and safe practice | Ask Pinnacle","67","615","Non-Indexable","noindex"
