"Address","Content Type","Status Code","Status","Indexability","Indexability Status","Inlinks","Response Time","Redirect URL","Redirect Type"
"https://www.pinnacleblooms.org/sunshine/topic/car-seat-cushions-and-child-travel-safety-3394","text/html","200","OK","Indexable","","2","0.045","",""
"https://www.pinnacleblooms.org/sunshine/techniques","text/html","200","OK","Indexable","","5","0.041","",""
"https://www.pinnacleblooms.org/sunshine","text/html","200","OK","Indexable","","24","0.037","",""
"https://www.pinnacleblooms.org/faq/hindi/occupational-therapy","text/html","200","OK","Indexable","","5","0.034","",""
"https://www.pinnacleblooms.org/mirracles/20710890947/Directly-from-Parent--Pinnacle-Proven-Integrated-Autism-Therapy-Improvement--CDN--10","text/html; charset=utf-8","200","OK","Indexable","","2","0.077","",""
"https://www.pinnacleblooms.org/faq/english/speech-therapy/autism-speech-therapy","text/html","200","OK","Indexable","","5","0.084","",""
"https://www.pinnacleblooms.org/faq","text/html","200","OK","Indexable","","14","0.020","",""
"https://www.pinnacleblooms.org/allmirracles/category/Conditions","text/html; charset=utf-8","200","OK","Indexable","","3","0.035","",""
"https://www.pinnacleblooms.org/allmirracles","text/html; charset=utf-8","200","OK","Indexable","","43","0.027","",""
"https://pinnacleblooms.org/ask/what-is-an-iep-individualised-education-plan","text/html","200","OK","Indexable","","14","0.042","",""
"https://pinnacleblooms.org/ask","text/html","200","OK","Indexable","","38","0.022","",""
"https://pinnacleblooms.org/ask/pincer-grasp","text/html","200","OK","Non-Indexable","noindex","2","1.610","",""
