"id","name","city","region","existing_profile_url","first_party_source","existing_maps_link","national_phone","published_direct_phone","existing_images","state","next_condition","shared_shell_release"
"suchitra","Suchitra, Kompally","Hyderabad","Telangana","https://www.pinnacleblooms.org/centers/best-autism-speech-aba-occupational-therapy-center-suchitra-hyderabad-telangana-india","https://www.pinnacleblooms.org/contact-national-autism-helpline-24-7#Suchitra","https://goo.gl/maps/UCxwGqhHNSZmmMRf7","9100 181 181","","3","REBUILT_RELEASED_V131; PUBLIC_READBACK_PASSED","Preserve source55aeccb and release75019b39; observe search/citation/calls separately. Confirm current appointments, professional assignment, fees/accessibility through enquiry; exact HFR Query Raised remains dated source status.","v135; v133 design; public common-shell readback passed"
"gurunanak","Gurunanak Road, Vijayawada","Vijayawada","Andhra Pradesh","https://www.pinnacleblooms.org/centers/best-autism-speech-aba-occupational-therapy-center-gurunanak-road-vijayawada-ap-india","https://www.pinnacleblooms.org/contact-national-autism-helpline-24-7#Vijayawada","https://goo.gl/maps/iNFVd7gWmp7CAA4c7","9100 181 181","","3","REBUILT_RELEASED_V132; PUBLIC_READBACK_PASSED","Preserve sourcefe3130f and releaseac200e7a; exact canonical, original branded creative, matched media, source exports, common shell and selected enquiry released. Confirm current operations, appointments/professionals/fees/access with team; observe search/citation/calls separately.","v135; v133 design; public common-shell readback passed"
"jayanagar","Jaya Nagar","Bengaluru","Karnataka","https://www.pinnacleblooms.org/centers/best-autism-speech-aba-occupational-therapy-center-jayanagar-bengaluru-india","https://www.pinnacleblooms.org/contact-national-autism-helpline-24-7#Jaya%20Nagar","https://goo.gl/maps/Spi12XPJ8dv1sUD76","9100 181 181","","1","PUBLISHED_DIRECTORY_ENTRY; LOCAL_REBUILD_NOT_STARTED","Verify current branch identity, direct phone, GBP status, hours, available services/professionals, registrations and matched media; inspect active source/route ownership before edit.","retained origin; migrate on individual page release"
"annanagar","Anna Nagar, Chennai","Chennai","Tamil Nadu","https://www.pinnacleblooms.org/centers/best-autism-speech-aba-occupational-therapy-center-anna-nagar-chennai-tamilnadu-india","https://www.pinnacleblooms.org/contact-national-autism-helpline-24-7#Anna%20Nagar%2C%20Chennai","https://goo.gl/maps/nhFEs1nDC6nTN5Tq6","9100 181 181","","0","PUBLISHED_DIRECTORY_ENTRY; LOCAL_REBUILD_NOT_STARTED","Verify current branch identity, direct phone, GBP status, hours, available services/professionals, registrations and matched media; inspect active source/route ownership before edit.","retained origin; migrate on individual page release"
"delhi","New Delhi","New Delhi","Delhi","https://www.pinnacleblooms.org/centers/best-autism-speech-aba-occupational-therapy-center-south-extension-newdelhi-india","https://www.pinnacleblooms.org/contact-national-autism-helpline-24-7#New%20Delhi","https://goo.gl/maps/7eMDzw9YRNREBqS7A","9100 181 181","","2","REBUILT_RELEASED_V132; PUBLIC_READBACK_PASSED","Preserve sourcefe3130f and releaseac200e7a; exact canonical, original branded creative, matched media, source exports, common shell and selected enquiry released. Confirm current operations, appointments/professionals/fees/access with team; observe search/citation/calls separately. WorkbookINACTIVE and datedHFRApproved are distinct; current operation unverified, confirm before travel.","v135; v133 design; public common-shell readback passed"
"warangal","Warangal","Warangal","Telangana","https://www.pinnacleblooms.org/centers/best-autism-speech-aba-occupational-therapy-center-warangal-ts-india","https://www.pinnacleblooms.org/contact-national-autism-helpline-24-7#Warangal","https://goo.gl/maps/xouQpLfk1oDbVVtY8","9100 181 181","","2","EXISTING_POSTCODE_CONDITION","Reconcile directory postcode506001 vs HFR/schema506002 before a definitive address/schema claim; other preparation may continue. Retain exact directory/HFR postcode conflict in original continuation row; do not overwrite it with an inferred code. Source: reviews/CENTRE-SOURCE-CONDITIONS-20261001.json.","retained origin; migrate on individual page release"
"asraonagar","AS Rao Nagar","Hyderabad","Telangana","https://www.pinnacleblooms.org/centers/best-autism-speech-aba-occupational-therapy-center-asraonagar-hyderabad-telangana-india","https://www.pinnacleblooms.org/contact-national-autism-helpline-24-7#AS%20Rao%20Nagar","https://goo.gl/maps/yKhyVjzWiSJVZce16","9100 181 181","","1","PUBLISHED_DIRECTORY_ENTRY; LOCAL_REBUILD_NOT_STARTED","Verify current branch identity, direct phone, GBP status, hours, available services/professionals, registrations and matched media; inspect active source/route ownership before edit.","retained origin; migrate on individual page release"
"ananthapuram","Ananthapuram","Ananthapuram","Andhra Pradesh","https://www.pinnacleblooms.org/centers/best-autism-speech-aba-occupational-therapy-center-anathapuram-ap-india","https://www.pinnacleblooms.org/contact-national-autism-helpline-24-7#Anathapuram","https://maps.app.goo.gl/5CP73TRFTLFzJ7gEA","9100 181 181","","4","REBUILT_RELEASED_V132; PUBLIC_READBACK_PASSED","Preserve sourcefe3130f and releaseac200e7a; exact canonical, original branded creative, matched media, source exports, common shell and selected enquiry released. Confirm current operations, appointments/professionals/fees/access with team; observe search/citation/calls separately.","v135; v133 design; public common-shell readback passed"
"attapur","Attapur","Hyderabad","Telangana","https://www.pinnacleblooms.org/centers/best-autism-speech-aba-occupational-therapy-center-attapur-hyderabad-telangana-india","https://www.pinnacleblooms.org/contact-national-autism-helpline-24-7#Attapur","https://goo.gl/maps/M7as8ZgjxN6G27MF7","9100 181 181","","3","SOURCE_PREPARED; NOT_BUILT","Implement distinct family/arrival narrative, complete original poster and eligible media. HFR IN3610023458: Submitted on 2026-09-19 (Workbook-listed). Exact contract: reviews/NEXT-CENTRE-BATCH-SOURCES-V135-20261001.json. attapur-exterior-17.jpg: repeated copyright2026 Google marks; attapur-interior-46-0.jpg: bytes identical to Himayat interior36-1; branch attribution unresolved","retained origin; migrate on individual page release"
"bnreddynagar","BN Reddy Nagar","Hyderabad","Telangana","https://www.pinnacleblooms.org/centers/best-autism-speech-aba-occupational-therapy-center-bn-reddy-nagar-hyderabad-telangana-india","https://www.pinnacleblooms.org/contact-national-autism-helpline-24-7#BN%20Reddy%20Nagar","https://goo.gl/maps/whD6cyGB5JmQQ51EA","9100 181 181","","0","PUBLISHED_DIRECTORY_ENTRY; LOCAL_REBUILD_NOT_STARTED","Verify current branch identity, direct phone, GBP status, hours, available services/professionals, registrations and matched media; inspect active source/route ownership before edit.","retained origin; migrate on individual page release"
"begumpet","Begumpet","Hyderabad","Telangana","https://www.pinnacleblooms.org/centers/best-autism-speech-aba-occupational-therapy-center-begumpet-hyderabad-telangana-india","https://www.pinnacleblooms.org/contact-national-autism-helpline-24-7#Begumpet","https://goo.gl/maps/DTk24KWbwzCSWFZU8","9100 181 181","","3","PUBLISHED_DIRECTORY_ENTRY; LOCAL_REBUILD_NOT_STARTED","Verify current branch identity, direct phone, GBP status, hours, available services/professionals, registrations and matched media; inspect active source/route ownership before edit.","retained origin; migrate on individual page release"
"bhimavaram","Bhimavaram","Bhimavaram","Andhra Pradesh","https://www.pinnacleblooms.org/centers/best-autism-speech-aba-occupational-therapy-center-bhimavaram-ap-india","https://www.pinnacleblooms.org/contact-national-autism-helpline-24-7#Bhimavaram","https://goo.gl/maps/k7JgG2CuHbu1PADr6","9100 181 181","","4","POSTCODE_FIELD_RECONCILIATION; ELIGIBLE_WORK_CAN_CONTINUE","Verify current branch identity, direct phone, GBP status, hours, available services/professionals, registrations and matched media; inspect active source/route ownership before edit. Address postcode text 534202 differs from separate HFR postcode field 534201 (IN2810039042). Preserve printed sources; choose documented display/schema postcode or omit postalCode pending reconciliation. Street/city/phone/enquiry content can proceed. Do not infer full postcode from a truncated suffix. Source: reviews/CENTRE-SOURCE-CONDITIONS-20261001.json.","retained origin; migrate on individual page release"
"chandanagar","Chanda Nagar","Hyderabad","Telangana","https://www.pinnacleblooms.org/centers/best-autism-speech-aba-occupational-therapy-center-chanda-nagar-hyderabad-telangana-india","https://www.pinnacleblooms.org/contact-national-autism-helpline-24-7#Chanda%20Nagar","https://goo.gl/maps/pTDLPArbqfdbfk1R8","9100 181 181","","2","PUBLISHED_DIRECTORY_ENTRY; LOCAL_REBUILD_NOT_STARTED","Verify current branch identity, direct phone, GBP status, hours, available services/professionals, registrations and matched media; inspect active source/route ownership before edit.","retained origin; migrate on individual page release"
"dilsukhnagar","Dilsukhnagar","Hyderabad","Telangana","https://www.pinnacleblooms.org/centers/best-autism-speech-aba-occupational-therapy-center-dilsukhnagar-hyderabad-telangana-india","https://www.pinnacleblooms.org/contact-national-autism-helpline-24-7#Dilsukhnagar","https://goo.gl/maps/uHivmpYgWpEGv7Xs6","9100 181 181","","3","REBUILT_RELEASED_V132; PUBLIC_READBACK_PASSED","Preserve sourcefe3130f and releaseac200e7a; exact canonical, original branded creative, matched media, source exports, common shell and selected enquiry released. Confirm current operations, appointments/professionals/fees/access with team; observe search/citation/calls separately.","v135; v133 design; public common-shell readback passed"
"eastmarredpally","East Marredpally","Hyderabad","Telangana","https://www.pinnacleblooms.org/centers/best-autism-speech-aba-occupational-therapy-center-paradise-hyderabad-telangana-india","https://www.pinnacleblooms.org/contact-national-autism-helpline-24-7#East%20Marredpally","https://maps.app.goo.gl/xTrBcyDNp3ywpkE9A","9100 181 181","","2","PUBLISHED_DIRECTORY_ENTRY; LOCAL_REBUILD_NOT_STARTED","Verify current branch identity, direct phone, GBP status, hours, available services/professionals, registrations and matched media; inspect active source/route ownership before edit.","retained origin; migrate on individual page release"
"eluru","Eluru","Eluru","Andhra Pradesh","https://www.pinnacleblooms.org/centers/best-autism-speech-aba-occupational-therapy-center-eluru-ap-india","https://www.pinnacleblooms.org/contact-national-autism-helpline-24-7#Eluru","https://goo.gl/maps/XBEahM9z3S3LtkRo7","9100 181 181","","3","POSTCODE_FIELD_RECONCILIATION; ELIGIBLE_WORK_CAN_CONTINUE","Verify current branch identity, direct phone, GBP status, hours, available services/professionals, registrations and matched media; inspect active source/route ownership before edit. Address postcode text 534002 differs from separate HFR postcode field 534001 (IN2810051629). Preserve printed sources; choose documented display/schema postcode or omit postalCode pending reconciliation. Street/city/phone/enquiry content can proceed. Do not infer full postcode from a truncated suffix. Source: reviews/CENTRE-SOURCE-CONDITIONS-20261001.json.","retained origin; migrate on individual page release"
"gachibowli","Gachibowli","Hyderabad","Telangana","https://www.pinnacleblooms.org/centers/best-autism-speech-aba-occupational-therapy-center-gachibowli-hyderabad-telangana-india","https://www.pinnacleblooms.org/contact-national-autism-helpline-24-7#Gachibowli","https://goo.gl/maps/gHqY3wMzeAenWn6PA","9100 181 181","","3","ADDRESS_RELATIONSHIP_REVIEW; ELIGIBLE_WORK_CAN_CONTINUE","Verify current branch identity, direct phone, GBP status, hours, available services/professionals, registrations and matched media; inspect active source/route ownership before edit. Directory Grace Tower/Gachibowli Stadium Road500032 differs from HFRIN3610023016 Botanical Gardens/Chirec Lane/Kondapur500084. Use published branch address/enquiry20711116107; do not use HFR as proof for current Grace Tower premises until relationship reconciled. Source: reviews/CENTRE-SOURCE-CONDITIONS-20261001.json.","retained origin; migrate on individual page release"
"gajuwaka","Gajuwaka @ Vizag","Visakhapatnam","Andhra Pradesh","https://www.pinnacleblooms.org/centers/best-autism-speech-aba-occupational-therapy-center-gajuwaka-vizag-ap-india","https://www.pinnacleblooms.org/contact-national-autism-helpline-24-7#Gajuwaka%20%40%20Vizag","https://goo.gl/maps/S9ywSm7nJjcYtnfy5","9100 181 181","","3","ENQUIRY_MAPPING_REVIEW; CALL_ONLY_OPTION","Verify current branch identity, direct phone, GBP status, hours, available services/professionals, registrations and matched media; inspect active source/route ownership before edit. No mapped internal FacilityId. Use explicit call-only/general-enquiry treatment or verify a routing value; never invent a branch ID. Source: reviews/CENTRE-SOURCE-CONDITIONS-20261001.json.","retained origin; migrate on individual page release"
"guntur","Guntur","Guntur","Andhra Pradesh","https://www.pinnacleblooms.org/centers/best-autism-speech-aba-occupational-therapy-center-lakshmipuram-guntur-ap-india","https://www.pinnacleblooms.org/contact-national-autism-helpline-24-7#Guntur","https://goo.gl/maps/Q8c49iwncXHjpr4z6","9100 181 181","","4","POSTCODE_FIELD_RECONCILIATION; ELIGIBLE_WORK_CAN_CONTINUE","Verify current branch identity, direct phone, GBP status, hours, available services/professionals, registrations and matched media; inspect active source/route ownership before edit. Address postcode text 522007 differs from separate HFR postcode field 522001 (IN2810039036). Preserve printed sources; choose documented display/schema postcode or omit postalCode pending reconciliation. Street/city/phone/enquiry content can proceed. Do not infer full postcode from a truncated suffix. Source: reviews/CENTRE-SOURCE-CONDITIONS-20261001.json.","retained origin; migrate on individual page release"
"habsiguda","Habsiguda","Hyderabad","Telangana","https://www.pinnacleblooms.org/centers/best-autism-speech-aba-occupational-therapy-center-habsiguda-hyderabad-telangana-india","https://www.pinnacleblooms.org/contact-national-autism-helpline-24-7#Habsiguda","https://goo.gl/maps/dEa5P8N71ufAS5kj6","9100 181 181","","1","PUBLISHED_DIRECTORY_ENTRY; LOCAL_REBUILD_NOT_STARTED","Verify current branch identity, direct phone, GBP status, hours, available services/professionals, registrations and matched media; inspect active source/route ownership before edit.","retained origin; migrate on individual page release"
"hayathnagar","Hayathnagar","Hyderabad","Telangana","https://www.pinnacleblooms.org/centers/best-autism-speech-aba-occupational-therapy-center-hayathnagar-hyderabad-telangana-india","https://www.pinnacleblooms.org/contact-national-autism-helpline-24-7#Hayathnagar","https://goo.gl/maps/MzXqiuhugZ2hSejB9","9100 181 181","","0","PUBLISHED_DIRECTORY_ENTRY; LOCAL_REBUILD_NOT_STARTED","Verify current branch identity, direct phone, GBP status, hours, available services/professionals, registrations and matched media; inspect active source/route ownership before edit.","retained origin; migrate on individual page release"
"himayatnagar","Himayat Nagar","Hyderabad","Telangana","https://www.pinnacleblooms.org/centers/best-autism-speech-aba-occupational-therapy-center-himayatnagar-hyderabad-telangana-india","https://www.pinnacleblooms.org/contact-national-autism-helpline-24-7#Himayat%20Nagar","https://goo.gl/maps/1mVQYdygB3hmagiC9","9100 181 181","","3","SOURCE_PREPARED; NOT_BUILT","Implement distinct family/arrival narrative, complete original poster and eligible media. HFR IN3610023005: Query Raised on 2026-09-19 (Workbook-listed). Exact contract: reviews/NEXT-CENTRE-BATCH-SOURCES-V135-20261001.json. himayatnagar-interior-36-1.jpg: bytes identical to Attapur46-0; branch attribution unresolved; himayatnagar-interior-36-2.jpg: identifiable child in clinical scene, no matched consent","retained origin; migrate on individual page release"
"madhapur","HitechCity, Madhapur","Hyderabad","Telangana","https://www.pinnacleblooms.org/centers/best-autism-speech-aba-occupational-therapy-center-madhapur-hyderabad-telangana-india","https://www.pinnacleblooms.org/contact-national-autism-helpline-24-7#HitechCity%2C%20Madhapur","https://goo.gl/maps/97GmATmYwGfYgjMx7","9100 181 181","","1","PUBLISHED_DIRECTORY_ENTRY; LOCAL_REBUILD_NOT_STARTED","Verify current branch identity, direct phone, GBP status, hours, available services/professionals, registrations and matched media; inspect active source/route ownership before edit.","retained origin; migrate on individual page release"
"hydernagar","HyderNagar","Hyderabad","Telangana","https://www.pinnacleblooms.org/centers/best-autism-speech-aba-occupational-therapy-center-hydernagar-hyderabad-telangana-india","https://www.pinnacleblooms.org/contact-national-autism-helpline-24-7#HyderNagar","https://goo.gl/maps/okJupJJWaGANnx8v9","9100 181 181","","0","PUBLISHED_DIRECTORY_ENTRY; LOCAL_REBUILD_NOT_STARTED","Verify current branch identity, direct phone, GBP status, hours, available services/professionals, registrations and matched media; inspect active source/route ownership before edit.","retained origin; migrate on individual page release"
"indiranagar","Indira Nagar","Bengaluru","Karnataka","https://www.pinnacleblooms.org/centers/best-autism-speech-aba-occupational-therapy-center-indiranagar-bengaluru-india","https://www.pinnacleblooms.org/contact-national-autism-helpline-24-7#Indira%20Nagar","https://goo.gl/maps/Y3qBC1XdiC41vS8T7","9100 181 181","","1","PUBLISHED_DIRECTORY_ENTRY; LOCAL_REBUILD_NOT_STARTED","Verify current branch identity, direct phone, GBP status, hours, available services/professionals, registrations and matched media; inspect active source/route ownership before edit.","retained origin; migrate on individual page release"
"jagadamba","Jagadamba, Visakhapatnam","Visakhapatnam","Andhra Pradesh","https://www.pinnacleblooms.org/centers/best-autism-speech-aba-occupational-therapy-center-jagadamba-vizag-ap-india","https://www.pinnacleblooms.org/contact-national-autism-helpline-24-7#Visakhapatnam","https://g.page/pbnvizagjagadamba?share","9100 181 181","","4","EXISTING_POSTCODE_CONDITION","Reconcile source postcode530020 vs HFR/schema530002 and stable named Google identity; other preparation may continue. Retain exact directory/HFR postcode conflict in original continuation row; do not overwrite it with an inferred code. Source: reviews/CENTRE-SOURCE-CONDITIONS-20261001.json.","retained origin; migrate on individual page release"
"jublieehills","Jubilee Hills","Hyderabad","Telangana","https://www.pinnacleblooms.org/contact-national-autism-helpline-24-7#Jubliee%20Hills","https://www.pinnacleblooms.org/contact-national-autism-helpline-24-7#Jubliee%20Hills","https://goo.gl/maps/CkkaYTHVZR4b2HuS7","9100 181 181","","0","PUBLISHED_DIRECTORY_ENTRY; LOCAL_REBUILD_NOT_STARTED","Verify current branch identity, direct phone, GBP status, hours, available services/professionals, registrations and matched media; inspect active source/route ownership before edit.","retained origin; migrate on individual page release"
"kachiguda","Kachiguda","Hyderabad","Telangana","https://www.pinnacleblooms.org/centers/best-autism-speech-aba-occupational-therapy-center-kachiguda-hyderabad-telangana-india","https://www.pinnacleblooms.org/contact-national-autism-helpline-24-7#Kachiguda","https://goo.gl/maps/ZM9mRMgj2z4Y7PNi6","9100 181 181","","1","PUBLISHED_DIRECTORY_ENTRY; LOCAL_REBUILD_NOT_STARTED","Verify current branch identity, direct phone, GBP status, hours, available services/professionals, registrations and matched media; inspect active source/route ownership before edit.","retained origin; migrate on individual page release"
"kadapa","Kadapa","Kadapa","Andhra Pradesh","https://www.pinnacleblooms.org/centers/best-autism-speech-aba-occupational-therapy-center-kadapa-ap-india","https://www.pinnacleblooms.org/contact-national-autism-helpline-24-7#Kadapa","https://maps.app.goo.gl/c5Wu7yfWjCqU4jTY9","9100 181 181","","1","SOURCE_CONTRACT_AVAILABLE; ILLUSTRATION_LED_OPTION","Verify current branch identity, direct phone, GBP status, hours, available services/professionals, registrations and matched media; inspect active source/route ownership before edit. Original illustration and emblem can support release now; omit premises gallery/entrance-photo claims. Exclude Google-watermarked kadapa-exterior-43.jpg. Published Apsara Circle/NGO Colony address516002, enquiry9353254802 and dated HFRIN2810065144 Approved19Sep/certificate10May/p70 remain usable. Source: reviews/CENTRE-SOURCE-CONDITIONS-20261001.json.","retained origin; migrate on individual page release"
"kakinada","Kakinada","Kakinada","Andhra Pradesh","https://www.pinnacleblooms.org/centers/best-autism-speech-aba-occupational-therapy-center-kakinada-ap-india","https://www.pinnacleblooms.org/contact-national-autism-helpline-24-7#Kakinada","https://goo.gl/maps/DfDetG9Y7RUFCejG7","9100 181 181","","2","SOURCE_PREPARED; NOT_BUILT","Implement distinct family/arrival narrative, complete original poster and eligible media. HFR IN2810053820: Approved on 2026-09-19 (Workbook plus certificate copy). Exact contract: reviews/NEXT-CENTRE-BATCH-SOURCES-V135-20261001.json. ","retained origin; migrate on individual page release"
"karimnagar","Karimnagar","Karimnagar","Telangana","https://www.pinnacleblooms.org/centers/best-autism-speech-aba-occupational-therapy-center-karimnagar-telangana-india","https://www.pinnacleblooms.org/contact-national-autism-helpline-24-7#Karimnagar","https://maps.app.goo.gl/Tdab6UUCRAGd6Y9b9","9100 181 181","","4","SOURCE_PREPARED; NOT_BUILT","Implement distinct family/arrival narrative, complete original poster and eligible media. HFR IN3610023681: Query Raised on 2026-09-19 (Workbook-listed). Exact contract: reviews/NEXT-CENTRE-BATCH-SOURCES-V135-20261001.json. interior30-1 person at far end: do not identify as professional/patient or infer credentials/outcome; interior30-0/30-2: weak views omitted","retained origin; migrate on individual page release"
"khajaguda","Khajaguda, Mehdipatnam","Hyderabad","Telangana","https://www.pinnacleblooms.org/centers/best-autism-speech-aba-occupational-therapy-center-khajaguda-mehdipatnam-hyderabad-telangana-india","https://www.pinnacleblooms.org/contact-national-autism-helpline-24-7#Khajaguda%2C%20Mehdipatnam","https://goo.gl/maps/S77ZWbosn7uoK4b88","9100 181 181","","4","PUBLISHED_DIRECTORY_ENTRY; LOCAL_REBUILD_NOT_STARTED","Verify current branch identity, direct phone, GBP status, hours, available services/professionals, registrations and matched media; inspect active source/route ownership before edit.","retained origin; migrate on individual page release"
"khammam","Khammam","Khammam","Telangana","https://www.pinnacleblooms.org/centers/best-autism-speech-aba-occupational-therapy-center-khammam-telangana-india","https://www.pinnacleblooms.org/contact-national-autism-helpline-24-7#Khammam","https://goo.gl/maps/7bDoeVCif4peZKAC6","9100 181 181","","3","PUBLISHED_DIRECTORY_ENTRY; LOCAL_REBUILD_NOT_STARTED","Verify current branch identity, direct phone, GBP status, hours, available services/professionals, registrations and matched media; inspect active source/route ownership before edit.","retained origin; migrate on individual page release"
"kondapur","Kondapur","Hyderabad","Telangana","https://www.pinnacleblooms.org/centers/best-autism-speech-aba-occupational-therapy-center-kondapur-hyderabad-telangana-india","https://www.pinnacleblooms.org/contact-national-autism-helpline-24-7#Kondapur","https://goo.gl/maps/gfhdwXXNDCFS4Ap79","9100 181 181","","0","PUBLISHED_DIRECTORY_ENTRY; LOCAL_REBUILD_NOT_STARTED","Verify current branch identity, direct phone, GBP status, hours, available services/professionals, registrations and matched media; inspect active source/route ownership before edit.","retained origin; migrate on individual page release"
"kukatpally","Kukatpally, Vivekananda Nagar","Hyderabad","Telangana","https://www.pinnacleblooms.org/centers/best-autism-speech-aba-occupational-therapy-center-kukatpally-hyderabad-telangana-india","https://www.pinnacleblooms.org/contact-national-autism-helpline-24-7#Kukatpally","https://goo.gl/maps/nDfwzyuM9gSjaBbF7","9100 181 181","","3","PUBLISHED_DIRECTORY_ENTRY; LOCAL_REBUILD_NOT_STARTED","Verify current branch identity, direct phone, GBP status, hours, available services/professionals, registrations and matched media; inspect active source/route ownership before edit.","retained origin; migrate on individual page release"
"kurnool","Kurnool","Kurnool","Andhra Pradesh","https://www.pinnacleblooms.org/centers/best-autism-speech-aba-occupational-therapy-center-kurnool-ap-india","https://www.pinnacleblooms.org/contact-national-autism-helpline-24-7#Kurnool","https://goo.gl/maps/ikLHkVtNkYakpTbv6","9100 181 181","","4","EXISTING_ADDRESS_SIGNAGE_CONDITION","Reconcile Park Square Apartment exterior signage with published Sri Sai Estates address before using arrival photograph. Other preparation may continue; see branch source brief. Retain existing Kurnool address/exterior-signage reconciliation in the continuation queue; exclude conflicting image until premises relationship is established. Source: reviews/CENTRE-SOURCE-CONDITIONS-20261001.json.","retained origin; migrate on individual page release"
"lbnagar","LB Nagar","Hyderabad","Telangana","https://www.pinnacleblooms.org/centers/best-autism-speech-aba-occupational-therapy-center-lbnagar-hyderabad-telangana-india","https://www.pinnacleblooms.org/contact-national-autism-helpline-24-7#LB%20Nagar","https://goo.gl/maps/xvzffvJX7zS1bvbT6","9100 181 181","","3","PUBLISHED_DIRECTORY_ENTRY; LOCAL_REBUILD_NOT_STARTED","Verify current branch identity, direct phone, GBP status, hours, available services/professionals, registrations and matched media; inspect active source/route ownership before edit.","retained origin; migrate on individual page release"
"labbipet","Labbipet","Vijayawada","Andhra Pradesh","https://www.pinnacleblooms.org/centers/best-autism-speech-aba-occupational-therapy-center-labbipet-vijayawada-ap-india","https://www.pinnacleblooms.org/contact-national-autism-helpline-24-7#Labbipet","https://goo.gl/maps/22jHXzGQ7kBhiWY38","9100 181 181","","4","POSTCODE_FIELD_RECONCILIATION; ELIGIBLE_WORK_CAN_CONTINUE","Verify current branch identity, direct phone, GBP status, hours, available services/professionals, registrations and matched media; inspect active source/route ownership before edit. Address postcode text 520007 differs from separate HFR postcode field 520010 (IN2810050768). Preserve printed sources; choose documented display/schema postcode or omit postalCode pending reconciliation. Street/city/phone/enquiry content can proceed. Do not infer full postcode from a truncated suffix. Source: reviews/CENTRE-SOURCE-CONDITIONS-20261001.json.","retained origin; migrate on individual page release"
"mvp","MVP, Vizag","Visakhapatnam","Andhra Pradesh","https://www.pinnacleblooms.org/centers/best-autism-speech-aba-occupational-therapy-center-mvp-vizag-ap-india","https://www.pinnacleblooms.org/contact-national-autism-helpline-24-7#MVP%2C%20Vizag","https://goo.gl/maps/vUVuPqLwEGKLNScw9","9100 181 181","","0","PUBLISHED_DIRECTORY_ENTRY; LOCAL_REBUILD_NOT_STARTED","Verify current branch identity, direct phone, GBP status, hours, available services/professionals, registrations and matched media; inspect active source/route ownership before edit.","retained origin; migrate on individual page release"
"madhurawada","Madhurawada","Visakhapatnam","Andhra Pradesh","https://www.pinnacleblooms.org/centers/best-autism-speech-aba-occupational-therapy-center-madhurawada-ap-india","https://www.pinnacleblooms.org/contact-national-autism-helpline-24-7#Madhurawada","https://g.page/r/Cd4PwqHpmnR4EAE","9100 181 181","","1","PUBLISHED_DIRECTORY_ENTRY; LOCAL_REBUILD_NOT_STARTED","Verify current branch identity, direct phone, GBP status, hours, available services/professionals, registrations and matched media; inspect active source/route ownership before edit.","retained origin; migrate on individual page release"
"mahbubnagar","Mahbubnagar","Mahbubnagar","Telangana","https://www.pinnacleblooms.org/centers/best-autism-speech-aba-occupational-therapy-center-mahbubnagar-telangana-india","https://www.pinnacleblooms.org/contact-national-autism-helpline-24-7#Mahbubnagar","https://maps.app.goo.gl/PVsMsiKuteuod5129","9100 181 181","","4","PUBLISHED_DIRECTORY_ENTRY; LOCAL_REBUILD_NOT_STARTED","Verify current branch identity, direct phone, GBP status, hours, available services/professionals, registrations and matched media; inspect active source/route ownership before edit.","retained origin; migrate on individual page release"
"marathahalli","Marathahalli","Bengaluru","Karnataka","https://www.pinnacleblooms.org/centers/best-autism-speech-aba-occupational-therapy-center-marathalli-bengaluru-india","https://www.pinnacleblooms.org/contact-national-autism-helpline-24-7#Marathahalli","https://goo.gl/maps/g9FqkM5h1YpzB7aw7","9100 181 181","","3","PUBLISHED_DIRECTORY_ENTRY; LOCAL_REBUILD_NOT_STARTED","Verify current branch identity, direct phone, GBP status, hours, available services/professionals, registrations and matched media; inspect active source/route ownership before edit.","retained origin; migrate on individual page release"
"miryalaguda","Miryalaguda","Miryalaguda","Telangana","https://www.pinnacleblooms.org/centers/best-autism-speech-aba-occupational-therapy-center-miryalaguda-ts-india","https://www.pinnacleblooms.org/contact-national-autism-helpline-24-7#Miryalaguda","https://maps.app.goo.gl/v7rSJpcekrowtAhP8","9100 181 181","","3","SOURCE_PREPARED; NOT_BUILT","Implement distinct family/arrival narrative, complete original poster and eligible media. HFR IN3610023024: Approved on 2026-09-19 (Workbook plus certificate copy). Exact contract: reviews/NEXT-CENTRE-BATCH-SOURCES-V135-20261001.json. miryalaguda-interior-20-0.jpg: historical 9.4M and unqualified improvement wall text; miryalaguda-interior-20-2.jpg: people in room; not needed for premises presentation","retained origin; migrate on individual page release"
"nad","NAD, Vizag","Visakhapatnam","Andhra Pradesh","https://www.pinnacleblooms.org/centers/best-autism-speech-aba-occupational-therapy-center-nad-vizag-ap-india","https://www.pinnacleblooms.org/contact-national-autism-helpline-24-7#NAD%2C%20Vizag","https://goo.gl/maps/52bw1EroPgFG1Bvt5","9100 181 181","","3","POSTCODE_FIELD_RECONCILIATION; ELIGIBLE_WORK_CAN_CONTINUE","Verify current branch identity, direct phone, GBP status, hours, available services/professionals, registrations and matched media; inspect active source/route ownership before edit. Address postcode text 027 (truncated suffix) differs from separate HFR postcode field 530009 (IN2810039038). Preserve printed sources; choose documented display/schema postcode or omit postalCode pending reconciliation. Street/city/phone/enquiry content can proceed. Do not infer full postcode from a truncated suffix. Source: reviews/CENTRE-SOURCE-CONDITIONS-20261001.json.","retained origin; migrate on individual page release"
"nallagandla","Nallagandla","Hyderabad","Telangana","https://www.pinnacleblooms.org/centers/best-autism-speech-aba-occupational-therapy-center-nallagandla-hyderabad-telangana-india","https://www.pinnacleblooms.org/contact-national-autism-helpline-24-7#Nallagandla","https://goo.gl/maps/m5owgp74brJXv2ZQ8","9100 181 181","","2","SOURCE_PREPARED; NOT_BUILT","Implement distinct family/arrival narrative, complete original poster and eligible media. HFR IN3610023017: Approved on 2026-09-19 (Workbook plus certificate copy). Exact contract: reviews/NEXT-CENTRE-BATCH-SOURCES-V135-20261001.json. nallagandla-exterior-35.jpg: viewer/navigation controls; clarify provenance; interior18-1 small loose-paper area: no readable identity observed; do not crop/enlarge","retained origin; migrate on individual page release"
"nandyala","Nandyala","Nandyala","Andhra Pradesh","https://www.pinnacleblooms.org/centers/best-autism-speech-aba-occupational-therapy-center-nandyala-ap-india","https://www.pinnacleblooms.org/contact-national-autism-helpline-24-7#Nandyala","https://maps.app.goo.gl/GoJFum4GovHw7tSB6","9100 181 181","","3","REBUILT_RELEASED_V134; PUBLIC_READBACK_PASSED","Preserve exact canonical, individual branded creative, eligible matched media, dated HFR source, selected enquiry and common shell. Confirm current appointments/professionals/fees/access through team; observe search/citation/calls separately. Receipt: deployment/navigation-public-v134a-20261001.json","v135; v133 design; public common-shell readback passed"
"nellore","Nellore","Nellore","Andhra Pradesh","https://www.pinnacleblooms.org/centers/best-autism-speech-aba-occupational-therapy-center-nellore-ap-india","https://www.pinnacleblooms.org/contact-national-autism-helpline-24-7#Nellore","https://goo.gl/maps/T4CZKbo3D99X7Yoe9","9100 181 181","","1","SOURCE_PREPARED; NOT_BUILT","Implement distinct family/arrival narrative, complete original poster and eligible media. HFR IN2810051616: Approved on 2026-09-19 (Workbook plus certificate copy). Exact contract: reviews/NEXT-CENTRE-BATCH-SOURCES-V135-20261001.json. No approved interior in directory contract","retained origin; migrate on individual page release"
"nizamabad","Nizamabad","Nizamabad","Telangana","https://www.pinnacleblooms.org/centers/best-autism-speech-aba-occupational-therapy-center-nizamabad-telangana-india","https://www.pinnacleblooms.org/contact-national-autism-helpline-24-7#Nizamabad","https://goo.gl/maps/grwUfW85tdJuPKQz6","9100 181 181","","1","PUBLISHED_DIRECTORY_ENTRY; LOCAL_REBUILD_NOT_STARTED","Verify current branch identity, direct phone, GBP status, hours, available services/professionals, registrations and matched media; inspect active source/route ownership before edit.","retained origin; migrate on individual page release"
"nizampet","Nizampet","Hyderabad","Telangana","https://www.pinnacleblooms.org/centers/best-autism-speech-aba-occupational-therapy-center-jntu-hyderabad-telangana-india","https://www.pinnacleblooms.org/contact-national-autism-helpline-24-7#Nizampet","https://maps.app.goo.gl/nYtTGq3JXvgYQz9bA","9100 181 181","","2","PUBLISHED_DIRECTORY_ENTRY; LOCAL_REBUILD_NOT_STARTED","Verify current branch identity, direct phone, GBP status, hours, available services/professionals, registrations and matched media; inspect active source/route ownership before edit.","retained origin; migrate on individual page release"
"ongole","Ongole","Ongole","Andhra Pradesh","https://www.pinnacleblooms.org/centers/best-autism-speech-aba-occupational-therapy-center-ongole-ap-india","https://www.pinnacleblooms.org/contact-national-autism-helpline-24-7#Ongole","https://maps.app.goo.gl/r9SM91JgLRam7NgA6","9100 181 181","","3","REBUILT_RELEASED_V134; PUBLIC_READBACK_PASSED","Preserve exact canonical, individual branded creative, eligible matched media, dated HFR source, selected enquiry and common shell. Confirm current appointments/professionals/fees/access through team; observe search/citation/calls separately. Receipt: deployment/navigation-public-v134a-20261001.json","v135; v133 design; public common-shell readback passed"
"pragathinagar","Pragathi Nagar","Hyderabad","Telangana","https://www.pinnacleblooms.org/centers/best-autism-speech-aba-occupational-therapy-center-pragathi-nagar-hyderabad-telangana-india","https://www.pinnacleblooms.org/contact-national-autism-helpline-24-7#Pragathi%20Nagar","https://goo.gl/maps/tPeqvV2vAdthxjJ67","9100 181 181","","4","PUBLISHED_DIRECTORY_ENTRY; LOCAL_REBUILD_NOT_STARTED","Verify current branch identity, direct phone, GBP status, hours, available services/professionals, registrations and matched media; inspect active source/route ownership before edit.","retained origin; migrate on individual page release"
"rajahmundry","Rajahmundry","Rajahmundry","Andhra Pradesh","https://www.pinnacleblooms.org/centers/best-autism-speech-aba-occupational-therapy-center-rajahmundry-ap-india","https://www.pinnacleblooms.org/contact-national-autism-helpline-24-7#Rajhamundary","https://goo.gl/maps/NtbHgr9niGUAS1y78","9100 181 181","","3","POSTCODE_FIELD_RECONCILIATION; ELIGIBLE_WORK_CAN_CONTINUE","Verify current branch identity, direct phone, GBP status, hours, available services/professionals, registrations and matched media; inspect active source/route ownership before edit. Address postcode text 103 (truncated suffix) differs from separate HFR postcode field 533101 (IN2810051854). Preserve printed sources; choose documented display/schema postcode or omit postalCode pending reconciliation. Street/city/phone/enquiry content can proceed. Do not infer full postcode from a truncated suffix. Source: reviews/CENTRE-SOURCE-CONDITIONS-20261001.json.","retained origin; migrate on individual page release"
"srnagar","SR Nagar","Hyderabad","Telangana","https://www.pinnacleblooms.org/centers/best-autism-speech-aba-occupational-therapy-center-srnagar-hyderabad-telangana-india","https://www.pinnacleblooms.org/contact-national-autism-helpline-24-7#SR%20Nagar","https://goo.gl/maps/w8ka1gNYWoZ9quLU9","9100 181 181","","2","PUBLISHED_DIRECTORY_ENTRY; LOCAL_REBUILD_NOT_STARTED","Verify current branch identity, direct phone, GBP status, hours, available services/professionals, registrations and matched media; inspect active source/route ownership before edit.","retained origin; migrate on individual page release"
"santoshnagar","Santosh Nagar","Hyderabad","Telangana","https://www.pinnacleblooms.org/centers/best-autism-speech-aba-occupational-therapy-center-santosh-nagar-hyderabad-telangana-india","https://www.pinnacleblooms.org/contact-national-autism-helpline-24-7#Santosh%20Nagar","https://goo.gl/maps/79vVA3d7hyHSnvGN8","9100 181 181","","4","SOURCE_PREPARED; NOT_BUILT","Implement distinct family/arrival narrative, complete original poster and eligible media. HFR IN3610023021: Query Resolved on 2026-09-19 (Workbook-listed). Exact contract: reviews/NEXT-CENTRE-BATCH-SOURCES-V135-20261001.json. interior10-0/10-2: weak views omitted","retained origin; migrate on individual page release"
"srikakulam","Srikakulam","Srikakulam","Andhra Pradesh","https://www.pinnacleblooms.org/centers/best-autism-speech-aba-occupational-therapy-center-srikakulam-ap-india","https://www.pinnacleblooms.org/contact-national-autism-helpline-24-7#Srikakulam","https://maps.app.goo.gl/PMADYTynrwnyjeym7","9100 181 181","","4","REBUILT_RELEASED_V134; PUBLIC_READBACK_PASSED","Preserve exact canonical, individual branded creative, eligible matched media, dated HFR source, selected enquiry and common shell. Confirm current appointments/professionals/fees/access through team; observe search/citation/calls separately. Receipt: deployment/navigation-public-v134a-20261001.json","v135; v133 design; public common-shell readback passed"
"suchitraii","Suchitra II","Hyderabad","Telangana","https://www.pinnacleblooms.org/centers/best-autism-speech-aba-occupational-therapy-center-suchitra2-hyderabad-telangana-india","https://www.pinnacleblooms.org/contact-national-autism-helpline-24-7#Suchitra%20II","https://goo.gl/maps/cTzGUQbs1eucpFG68","9100 181 181","","0","PUBLISHED_DIRECTORY_ENTRY; LOCAL_REBUILD_NOT_STARTED","Verify current branch identity, direct phone, GBP status, hours, available services/professionals, registrations and matched media; inspect active source/route ownership before edit.","retained origin; migrate on individual page release"
"tirupati","Tirupati","Tirupati","Andhra Pradesh","https://www.pinnacleblooms.org/centers/best-autism-speech-aba-occupational-therapy-center-tirupati-ap-india","https://www.pinnacleblooms.org/contact-national-autism-helpline-24-7#Tirupati","https://maps.app.goo.gl/ibSfbL6ayMzdYJfH8","9100 181 181","","3","REBUILT_RELEASED_V134; PUBLIC_READBACK_PASSED","Preserve exact canonical, individual branded creative, eligible matched media, dated HFR source, selected enquiry and common shell. Confirm current appointments/professionals/fees/access through team; observe search/citation/calls separately. Receipt: deployment/navigation-public-v134a-20261001.json","v135; v133 design; public common-shell readback passed"
"usa","USA","Greenville","United States","https://www.pinnacleblooms.org/contact-national-autism-helpline-24-7#USA","https://www.pinnacleblooms.org/contact-national-autism-helpline-24-7#USA","https://goo.gl/maps/YNYNcqtGKtNdb2CV7","9100 181 181","","0","PUBLISHED_DIRECTORY_ENTRY; LOCAL_REBUILD_NOT_STARTED","Verify current branch identity, direct phone, GBP status, hours, available services/professionals, registrations and matched media; inspect active source/route ownership before edit.","retained origin; migrate on individual page release"
"uppal","Uppal","Hyderabad","Telangana","https://www.pinnacleblooms.org/centers/best-autism-speech-aba-occupational-therapy-center-uppal-hyderabad-telangana-india","https://www.pinnacleblooms.org/contact-national-autism-helpline-24-7#Uppal","https://goo.gl/maps/uuDXgzLGdLd238eD7","9100 181 181","","4","PUBLISHED_DIRECTORY_ENTRY; LOCAL_REBUILD_NOT_STARTED","Verify current branch identity, direct phone, GBP status, hours, available services/professionals, registrations and matched media; inspect active source/route ownership before edit.","retained origin; migrate on individual page release"
"vanasthalipuram","Vanasthalipuram","Hyderabad","Telangana","https://www.pinnacleblooms.org/centers/best-autism-speech-aba-occupational-therapy-center-vanasthalipuram-hyderabad-telangana-india","https://www.pinnacleblooms.org/contact-national-autism-helpline-24-7#Vanasthalipuram","https://goo.gl/maps/zgP3SZU7H9WZLPxF9","9100 181 181","","0","PUBLISHED_DIRECTORY_ENTRY; LOCAL_REBUILD_NOT_STARTED","Verify current branch identity, direct phone, GBP status, hours, available services/professionals, registrations and matched media; inspect active source/route ownership before edit.","retained origin; migrate on individual page release"
"vidyanagar","Vidyanagar","Hyderabad","Telangana","https://www.pinnacleblooms.org/centers/best-autism-speech-aba-occupational-therapy-center-vidyanagar-telangana-india","https://www.pinnacleblooms.org/contact-national-autism-helpline-24-7#Vidyanagar","https://maps.app.goo.gl/pmN3pXdEME16Hye89","9100 181 181","","2","PUBLISHED_DIRECTORY_ENTRY; LOCAL_REBUILD_NOT_STARTED","Verify current branch identity, direct phone, GBP status, hours, available services/professionals, registrations and matched media; inspect active source/route ownership before edit.","retained origin; migrate on individual page release"
"vikrampuri","Vikrampuri","Hyderabad","Telangana","https://www.pinnacleblooms.org/centers/best-autism-speech-aba-occupational-therapy-center-vikrampuri-hyderabad-telangana-india","https://www.pinnacleblooms.org/contact-national-autism-helpline-24-7#Vikrampuri","https://goo.gl/maps/DqAEgDtxWmqP4pJD8","9100 181 181","","1","PUBLISHED_DIRECTORY_ENTRY; LOCAL_REBUILD_NOT_STARTED","Verify current branch identity, direct phone, GBP status, hours, available services/professionals, registrations and matched media; inspect active source/route ownership before edit.","retained origin; migrate on individual page release"
