"url","label","section","absoluteUrl","internal","pagePath","hasFragment","sitemapListedExactUrl","state","nextCondition"
"/verify/evidence/scale-and-mission.html","Verify","main","https://www.pinnacleblooms.org/verify/evidence/scale-and-mission.html","true","/verify/evidence/scale-and-mission.html","false","true","retained_evidence_link","Verify exact destination role/content/anchor in its source before edits; absence from sitemap alone is not a defect."
"/pinnacleai","PinnacleAI®","main","https://www.pinnacleblooms.org/pinnacleai","true","/pinnacleai","false","true","released_managed_page; fragment_not_rechecked_here","Preserve approved page; validate anchor only when affected by edits."
"/verify/evidence/research-library.html","Research","main","https://www.pinnacleblooms.org/verify/evidence/research-library.html","true","/verify/evidence/research-library.html","false","true","retained_evidence_link","Verify exact destination role/content/anchor in its source before edits; absence from sitemap alone is not a defect."
"/abilityscore","AbilityScore®","main","https://www.pinnacleblooms.org/abilityscore","true","/abilityscore","false","true","released_managed_page; fragment_not_rechecked_here","Preserve approved page; validate anchor only when affected by edits."
"/seven-readiness-indexes","7 Readiness Indexes","main","https://www.pinnacleblooms.org/seven-readiness-indexes","true","/seven-readiness-indexes","false","true","released_managed_page; fragment_not_rechecked_here","Preserve approved page; validate anchor only when affected by edits."
"/verify/evidence/pinnacle-paradigm-shift.html#paradigm-opening-child-life-before-therapy","Self-Sufficient","main","https://www.pinnacleblooms.org/verify/evidence/pinnacle-paradigm-shift.html#paradigm-opening-child-life-before-therapy","true","/verify/evidence/pinnacle-paradigm-shift.html","true","true","retained_evidence_link","Verify exact destination role/content/anchor in its source before edits; absence from sitemap alone is not a defect."
"/verify/evidence/pinnacle-paradigm-shift.html#the-skill-and-the-life","Mainstream","main","https://www.pinnacleblooms.org/verify/evidence/pinnacle-paradigm-shift.html#the-skill-and-the-life","true","/verify/evidence/pinnacle-paradigm-shift.html","true","true","retained_evidence_link","Verify exact destination role/content/anchor in its source before edits; absence from sitemap alone is not a defect."
"/verify/evidence/pinnacle-paradigm-shift.html#the-historical-challenge","160Yrs Paradigm Shift","main","https://www.pinnacleblooms.org/verify/evidence/pinnacle-paradigm-shift.html#the-historical-challenge","true","/verify/evidence/pinnacle-paradigm-shift.html","true","true","retained_evidence_link","Verify exact destination role/content/anchor in its source before edits; absence from sitemap alone is not a defect."
"/verify/evidence/cite.html","Citations","main","https://www.pinnacleblooms.org/verify/evidence/cite.html","true","/verify/evidence/cite.html","false","true","retained_evidence_link","Verify exact destination role/content/anchor in its source before edits; absence from sitemap alone is not a defect."
"/epass","Login","mobileExtras","https://www.pinnacleblooms.org/epass","true","/epass","false","false","retained_legacy_destination; role_and_fragment_review_pending","Verify exact destination role/content/anchor in its source before edits; absence from sitemap alone is not a defect."
"/enroll-autism-speech-aba-therapies-india","Enrol at Pinnacle","mobileExtras","https://www.pinnacleblooms.org/enroll-autism-speech-aba-therapies-india","true","/enroll-autism-speech-aba-therapies-india","false","true","released_managed_page; fragment_not_rechecked_here","Preserve approved page; validate anchor only when affected by edits."
"/franchises","Franchise","mobileExtras","https://www.pinnacleblooms.org/franchises","true","/franchises","false","false","retained_legacy_destination; role_and_fragment_review_pending","Verify exact destination role/content/anchor in its source before edits; absence from sitemap alone is not a defect."
"/about-pinnacle-proven-improvement-rate","About Pinnacle Blooms Network","aboutContact","https://www.pinnacleblooms.org/about-pinnacle-proven-improvement-rate","true","/about-pinnacle-proven-improvement-rate","false","true","retained_legacy_destination; role_and_fragment_review_pending","Verify exact destination role/content/anchor in its source before edits; absence from sitemap alone is not a defect."
"/about-pinnacle-proven-improvement-rate#Vision-section","Vision, mission & values","aboutContact","https://www.pinnacleblooms.org/about-pinnacle-proven-improvement-rate#Vision-section","true","/about-pinnacle-proven-improvement-rate","true","true","retained_legacy_destination; role_and_fragment_review_pending","Verify exact destination role/content/anchor in its source before edits; absence from sitemap alone is not a defect."
"/about-pinnacle-proven-improvement-rate#BHCL-section","Bharath Healthcare Laboratories Private Limited","aboutContact","https://www.pinnacleblooms.org/about-pinnacle-proven-improvement-rate#BHCL-section","true","/about-pinnacle-proven-improvement-rate","true","true","retained_legacy_destination; role_and_fragment_review_pending","Verify exact destination role/content/anchor in its source before edits; absence from sitemap alone is not a defect."
"/about-pinnacle-proven-improvement-rate#KGV-section","Koti Group of Technological Ventures","aboutContact","https://www.pinnacleblooms.org/about-pinnacle-proven-improvement-rate#KGV-section","true","/about-pinnacle-proven-improvement-rate","true","true","retained_legacy_destination; role_and_fragment_review_pending","Verify exact destination role/content/anchor in its source before edits; absence from sitemap alone is not a defect."
"/leadership","Leadership","aboutContact","https://www.pinnacleblooms.org/leadership","true","/leadership","false","true","retained_legacy_destination; role_and_fragment_review_pending","Verify exact destination role/content/anchor in its source before edits; absence from sitemap alone is not a defect."
"/staff","Our Team","aboutContact","https://www.pinnacleblooms.org/staff","true","/staff","false","true","retained_legacy_destination; role_and_fragment_review_pending","Verify exact destination role/content/anchor in its source before edits; absence from sitemap alone is not a defect."
"/centers","Centres","aboutContact","https://www.pinnacleblooms.org/centers","true","/centers","false","true","released_managed_page; fragment_not_rechecked_here","Preserve approved page; validate anchor only when affected by edits."
"/allmirracles","Parent stories","aboutContact","https://www.pinnacleblooms.org/allmirracles","true","/allmirracles","false","true","retained_legacy_destination; role_and_fragment_review_pending","Verify exact destination role/content/anchor in its source before edits; absence from sitemap alone is not a defect."
"/verify/evidence/recognition-register.html","Recognition","aboutContact","https://www.pinnacleblooms.org/verify/evidence/recognition-register.html","true","/verify/evidence/recognition-register.html","false","true","retained_evidence_link","Verify exact destination role/content/anchor in its source before edits; absence from sitemap alone is not a defect."
"/verify/evidence/records/awards.html","Awards","aboutContact","https://www.pinnacleblooms.org/verify/evidence/records/awards.html","true","/verify/evidence/records/awards.html","false","true","retained_evidence_link","Verify exact destination role/content/anchor in its source before edits; absence from sitemap alone is not a defect."
"/autism-speech-aba-news","News","aboutContact","https://www.pinnacleblooms.org/autism-speech-aba-news","true","/autism-speech-aba-news","false","true","retained_legacy_destination; role_and_fragment_review_pending","Verify exact destination role/content/anchor in its source before edits; absence from sitemap alone is not a defect."
"/careers","Careers","aboutContact","https://www.pinnacleblooms.org/careers","true","/careers","false","true","retained_legacy_destination; role_and_fragment_review_pending","Verify exact destination role/content/anchor in its source before edits; absence from sitemap alone is not a defect."
"/contact-national-autism-helpline-24-7","Contact","aboutContact","https://www.pinnacleblooms.org/contact-national-autism-helpline-24-7","true","/contact-national-autism-helpline-24-7","false","true","retained_legacy_destination; role_and_fragment_review_pending","Verify exact destination role/content/anchor in its source before edits; absence from sitemap alone is not a defect."
"/autism-therapy","Autism Therapy","therapy","https://www.pinnacleblooms.org/autism-therapy","true","/autism-therapy","false","true","released_managed_page; fragment_not_rechecked_here","Preserve approved page; validate anchor only when affected by edits."
"/autism-therapy#what-section","What autism support can mean","therapy","https://www.pinnacleblooms.org/autism-therapy#what-section","true","/autism-therapy","true","true","released_managed_page; fragment_not_rechecked_here","Preserve approved page; validate anchor only when affected by edits."
"/autism-therapy#first-conversation","First conversation","therapy","https://www.pinnacleblooms.org/autism-therapy#first-conversation","true","/autism-therapy","true","true","released_managed_page; fragment_not_rechecked_here","Preserve approved page; validate anchor only when affected by edits."
"/autism-therapy#pinnacle-difference","Pinnacle life-first direction","therapy","https://www.pinnacleblooms.org/autism-therapy#pinnacle-difference","true","/autism-therapy","true","true","released_managed_page; fragment_not_rechecked_here","Preserve approved page; validate anchor only when affected by edits."
"/autism-therapy#everyday-example","Connected everyday example","therapy","https://www.pinnacleblooms.org/autism-therapy#everyday-example","true","/autism-therapy","true","true","released_managed_page; fragment_not_rechecked_here","Preserve approved page; validate anchor only when affected by edits."
"/autism-therapy#family-school","Family and school","therapy","https://www.pinnacleblooms.org/autism-therapy#family-school","true","/autism-therapy","true","true","released_managed_page; fragment_not_rechecked_here","Preserve approved page; validate anchor only when affected by edits."
"/autism-therapy#measurement-and-review","PinnacleAI and review","therapy","https://www.pinnacleblooms.org/autism-therapy#measurement-and-review","true","/autism-therapy","true","true","released_managed_page; fragment_not_rechecked_here","Preserve approved page; validate anchor only when affected by edits."
"/autism-therapy#evidence","Evidence and sources","therapy","https://www.pinnacleblooms.org/autism-therapy#evidence","true","/autism-therapy","true","true","released_managed_page; fragment_not_rechecked_here","Preserve approved page; validate anchor only when affected by edits."
"/autism-therapy#centres","Centres and questions","therapy","https://www.pinnacleblooms.org/autism-therapy#centres","true","/autism-therapy","true","true","released_managed_page; fragment_not_rechecked_here","Preserve approved page; validate anchor only when affected by edits."
"/top-speech-therapy-center-india-proven-improvement-rate","Speech Therapy","therapy","https://www.pinnacleblooms.org/top-speech-therapy-center-india-proven-improvement-rate","true","/top-speech-therapy-center-india-proven-improvement-rate","false","true","released_managed_page; fragment_not_rechecked_here","Preserve approved page; validate anchor only when affected by edits."
"/top-speech-therapy-center-india-proven-improvement-rate#everyday-communication","What","therapy","https://www.pinnacleblooms.org/top-speech-therapy-center-india-proven-improvement-rate#everyday-communication","true","/top-speech-therapy-center-india-proven-improvement-rate","true","true","released_managed_page; fragment_not_rechecked_here","Preserve approved page; validate anchor only when affected by edits."
"/top-speech-therapy-center-india-proven-improvement-rate#pinnacle-purpose","Why","therapy","https://www.pinnacleblooms.org/top-speech-therapy-center-india-proven-improvement-rate#pinnacle-purpose","true","/top-speech-therapy-center-india-proven-improvement-rate","true","true","released_managed_page; fragment_not_rechecked_here","Preserve approved page; validate anchor only when affected by edits."
"/top-speech-therapy-center-india-proven-improvement-rate#pinnacle-difference","Advantages","therapy","https://www.pinnacleblooms.org/top-speech-therapy-center-india-proven-improvement-rate#pinnacle-difference","true","/top-speech-therapy-center-india-proven-improvement-rate","true","true","released_managed_page; fragment_not_rechecked_here","Preserve approved page; validate anchor only when affected by edits."
"/top-speech-therapy-center-india-proven-improvement-rate#service-fit","Child services","therapy","https://www.pinnacleblooms.org/top-speech-therapy-center-india-proven-improvement-rate#service-fit","true","/top-speech-therapy-center-india-proven-improvement-rate","true","true","released_managed_page; fragment_not_rechecked_here","Preserve approved page; validate anchor only when affected by edits."
"/contact-national-autism-helpline-24-7","Adult Services","therapy","https://www.pinnacleblooms.org/contact-national-autism-helpline-24-7","true","/contact-national-autism-helpline-24-7","false","true","retained_legacy_destination; role_and_fragment_review_pending","Verify exact destination role/content/anchor in its source before edits; absence from sitemap alone is not a defect."
"/top-speech-therapy-center-india-proven-improvement-rate#assessment-start","Assessment","therapy","https://www.pinnacleblooms.org/top-speech-therapy-center-india-proven-improvement-rate#assessment-start","true","/top-speech-therapy-center-india-proven-improvement-rate","true","true","released_managed_page; fragment_not_rechecked_here","Preserve approved page; validate anchor only when affected by edits."
"/top-speech-therapy-center-india-proven-improvement-rate#next-step","Admission","therapy","https://www.pinnacleblooms.org/top-speech-therapy-center-india-proven-improvement-rate#next-step","true","/top-speech-therapy-center-india-proven-improvement-rate","true","true","released_managed_page; fragment_not_rechecked_here","Preserve approved page; validate anchor only when affected by edits."
"/top-speech-therapy-center-india-proven-improvement-rate#first-visit","Procedure","therapy","https://www.pinnacleblooms.org/top-speech-therapy-center-india-proven-improvement-rate#first-visit","true","/top-speech-therapy-center-india-proven-improvement-rate","true","true","released_managed_page; fragment_not_rechecked_here","Preserve approved page; validate anchor only when affected by edits."
"/top-speech-therapy-center-india-proven-improvement-rate#session-details","Fee / Cost","therapy","https://www.pinnacleblooms.org/top-speech-therapy-center-india-proven-improvement-rate#session-details","true","/top-speech-therapy-center-india-proven-improvement-rate","true","true","released_managed_page; fragment_not_rechecked_here","Preserve approved page; validate anchor only when affected by edits."
"/best-occupational-therapy-center-india-proven-improvement-rate","Occupational Therapy","therapy","https://www.pinnacleblooms.org/best-occupational-therapy-center-india-proven-improvement-rate","true","/best-occupational-therapy-center-india-proven-improvement-rate","false","true","released_managed_page; fragment_not_rechecked_here","Preserve approved page; validate anchor only when affected by edits."
"/best-occupational-therapy-center-india-proven-improvement-rate#everyday-participation","What","therapy","https://www.pinnacleblooms.org/best-occupational-therapy-center-india-proven-improvement-rate#everyday-participation","true","/best-occupational-therapy-center-india-proven-improvement-rate","true","true","released_managed_page; fragment_not_rechecked_here","Preserve approved page; validate anchor only when affected by edits."
"/best-occupational-therapy-center-india-proven-improvement-rate#service-fit","Why","therapy","https://www.pinnacleblooms.org/best-occupational-therapy-center-india-proven-improvement-rate#service-fit","true","/best-occupational-therapy-center-india-proven-improvement-rate","true","true","released_managed_page; fragment_not_rechecked_here","Preserve approved page; validate anchor only when affected by edits."
"/best-occupational-therapy-center-india-proven-improvement-rate#pinnacle-difference","Importance","therapy","https://www.pinnacleblooms.org/best-occupational-therapy-center-india-proven-improvement-rate#pinnacle-difference","true","/best-occupational-therapy-center-india-proven-improvement-rate","true","true","released_managed_page; fragment_not_rechecked_here","Preserve approved page; validate anchor only when affected by edits."
"/best-occupational-therapy-center-india-proven-improvement-rate#pinnacle-difference","Advantages","therapy","https://www.pinnacleblooms.org/best-occupational-therapy-center-india-proven-improvement-rate#pinnacle-difference","true","/best-occupational-therapy-center-india-proven-improvement-rate","true","true","released_managed_page; fragment_not_rechecked_here","Preserve approved page; validate anchor only when affected by edits."
"/best-occupational-therapy-center-india-proven-improvement-rate#service-fit","Children Services","therapy","https://www.pinnacleblooms.org/best-occupational-therapy-center-india-proven-improvement-rate#service-fit","true","/best-occupational-therapy-center-india-proven-improvement-rate","true","true","released_managed_page; fragment_not_rechecked_here","Preserve approved page; validate anchor only when affected by edits."
"/best-occupational-therapy-center-india-proven-improvement-rate#assessment-start","Assessment","therapy","https://www.pinnacleblooms.org/best-occupational-therapy-center-india-proven-improvement-rate#assessment-start","true","/best-occupational-therapy-center-india-proven-improvement-rate","true","true","released_managed_page; fragment_not_rechecked_here","Preserve approved page; validate anchor only when affected by edits."
"/best-occupational-therapy-center-india-proven-improvement-rate#next-step","Admission","therapy","https://www.pinnacleblooms.org/best-occupational-therapy-center-india-proven-improvement-rate#next-step","true","/best-occupational-therapy-center-india-proven-improvement-rate","true","true","released_managed_page; fragment_not_rechecked_here","Preserve approved page; validate anchor only when affected by edits."
"/best-occupational-therapy-center-india-proven-improvement-rate#first-conversation","Procedure","therapy","https://www.pinnacleblooms.org/best-occupational-therapy-center-india-proven-improvement-rate#first-conversation","true","/best-occupational-therapy-center-india-proven-improvement-rate","true","true","released_managed_page; fragment_not_rechecked_here","Preserve approved page; validate anchor only when affected by edits."
"/best-occupational-therapy-center-india-proven-improvement-rate#questions","Cost / fee","therapy","https://www.pinnacleblooms.org/best-occupational-therapy-center-india-proven-improvement-rate#questions","true","/best-occupational-therapy-center-india-proven-improvement-rate","true","true","released_managed_page; fragment_not_rechecked_here","Preserve approved page; validate anchor only when affected by edits."
"/best-aba-therapy-center-india-proven-improvement-rate","ABA Therapy","therapy","https://www.pinnacleblooms.org/best-aba-therapy-center-india-proven-improvement-rate","true","/best-aba-therapy-center-india-proven-improvement-rate","false","true","released_managed_page; fragment_not_rechecked_here","Preserve approved page; validate anchor only when affected by edits."
"/aba-therapy#what-section","What","therapy","https://www.pinnacleblooms.org/aba-therapy#what-section","true","/aba-therapy","true","false","retained_legacy_destination; role_and_fragment_review_pending","Verify exact destination role/content/anchor in its source before edits; absence from sitemap alone is not a defect."
"/aba-therapy#why-section","Why","therapy","https://www.pinnacleblooms.org/aba-therapy#why-section","true","/aba-therapy","true","false","retained_legacy_destination; role_and_fragment_review_pending","Verify exact destination role/content/anchor in its source before edits; absence from sitemap alone is not a defect."
"/aba-therapy#Advantages-section","Intensive Behavioral Intervention","therapy","https://www.pinnacleblooms.org/aba-therapy#Advantages-section","true","/aba-therapy","true","false","retained_legacy_destination; role_and_fragment_review_pending","Verify exact destination role/content/anchor in its source before edits; absence from sitemap alone is not a defect."
"/aba-therapy#ChildrenServices-section","Importance","therapy","https://www.pinnacleblooms.org/aba-therapy#ChildrenServices-section","true","/aba-therapy","true","false","retained_legacy_destination; role_and_fragment_review_pending","Verify exact destination role/content/anchor in its source before edits; absence from sitemap alone is not a defect."
"/aba-therapy#adultservices-section","services","therapy","https://www.pinnacleblooms.org/aba-therapy#adultservices-section","true","/aba-therapy","true","false","retained_legacy_destination; role_and_fragment_review_pending","Verify exact destination role/content/anchor in its source before edits; absence from sitemap alone is not a defect."
"/best-special-education-center-call-9100181181","Special Education","therapy","https://www.pinnacleblooms.org/best-special-education-center-call-9100181181","true","/best-special-education-center-call-9100181181","false","true","released_managed_page; fragment_not_rechecked_here","Preserve approved page; validate anchor only when affected by edits."
"/best-special-education-center-call-9100181181#service-fit","What special education supports","therapy","https://www.pinnacleblooms.org/best-special-education-center-call-9100181181#service-fit","true","/best-special-education-center-call-9100181181","true","true","released_managed_page; fragment_not_rechecked_here","Preserve approved page; validate anchor only when affected by edits."
"/best-special-education-center-call-9100181181#pinnacle-difference","Why learning access matters","therapy","https://www.pinnacleblooms.org/best-special-education-center-call-9100181181#pinnacle-difference","true","/best-special-education-center-call-9100181181","true","true","released_managed_page; fragment_not_rechecked_here","Preserve approved page; validate anchor only when affected by edits."
"/best-special-education-center-call-9100181181#learning-example","Learning process","therapy","https://www.pinnacleblooms.org/best-special-education-center-call-9100181181#learning-example","true","/best-special-education-center-call-9100181181","true","true","released_managed_page; fragment_not_rechecked_here","Preserve approved page; validate anchor only when affected by edits."
"/best-special-education-center-call-9100181181#first-conversation","First conversation","therapy","https://www.pinnacleblooms.org/best-special-education-center-call-9100181181#first-conversation","true","/best-special-education-center-call-9100181181","true","true","released_managed_page; fragment_not_rechecked_here","Preserve approved page; validate anchor only when affected by edits."
"/best-special-education-center-call-9100181181#family-school","Family and school","therapy","https://www.pinnacleblooms.org/best-special-education-center-call-9100181181#family-school","true","/best-special-education-center-call-9100181181","true","true","released_managed_page; fragment_not_rechecked_here","Preserve approved page; validate anchor only when affected by edits."
"/best-special-education-center-call-9100181181#centres","Find a centre","therapy","https://www.pinnacleblooms.org/best-special-education-center-call-9100181181#centres","true","/best-special-education-center-call-9100181181","true","true","released_managed_page; fragment_not_rechecked_here","Preserve approved page; validate anchor only when affected by edits."
"/best-special-education-center-call-9100181181#questions","Questions and fees","therapy","https://www.pinnacleblooms.org/best-special-education-center-call-9100181181#questions","true","/best-special-education-center-call-9100181181","true","true","released_managed_page; fragment_not_rechecked_here","Preserve approved page; validate anchor only when affected by edits."
"/pinnacleai","PinnacleAI · whole system","footerColumns","https://www.pinnacleblooms.org/pinnacleai","true","/pinnacleai","false","true","released_managed_page; fragment_not_rechecked_here","Preserve approved page; validate anchor only when affected by edits."
"/abilityscore","AbilityScore · developmental starting picture","footerColumns","https://www.pinnacleblooms.org/abilityscore","true","/abilityscore","false","true","released_managed_page; fragment_not_rechecked_here","Preserve approved page; validate anchor only when affected by edits."
"/seven-readiness-indexes","Seven Readiness Indexes","footerColumns","https://www.pinnacleblooms.org/seven-readiness-indexes","true","/seven-readiness-indexes","false","true","released_managed_page; fragment_not_rechecked_here","Preserve approved page; validate anchor only when affected by edits."
"/personal-development-kernel","Personal Development Kernel","footerColumns","https://www.pinnacleblooms.org/personal-development-kernel","true","/personal-development-kernel","false","true","released_managed_page; fragment_not_rechecked_here","Preserve approved page; validate anchor only when affected by edits."
"/prognose","Prognose · revisable forecast","footerColumns","https://www.pinnacleblooms.org/prognose","true","/prognose","false","true","released_managed_page; fragment_not_rechecked_here","Preserve approved page; validate anchor only when affected by edits."
"/therapeuticai","TherapeuticAI · suitable activities","footerColumns","https://www.pinnacleblooms.org/therapeuticai","true","/therapeuticai","false","true","released_managed_page; fragment_not_rechecked_here","Preserve approved page; validate anchor only when affected by edits."
"/everyday-therapy","Everyday Therapy · home and school","footerColumns","https://www.pinnacleblooms.org/everyday-therapy","true","/everyday-therapy","false","true","released_managed_page; fragment_not_rechecked_here","Preserve approved page; validate anchor only when affected by edits."
"/fusion-module","Fusion · tracking and correction","footerColumns","https://www.pinnacleblooms.org/fusion-module","true","/fusion-module","false","true","released_managed_page; fragment_not_rechecked_here","Preserve approved page; validate anchor only when affected by edits."
"/reassess-review-repeat","Reassess, review and repeat","footerColumns","https://www.pinnacleblooms.org/reassess-review-repeat","true","/reassess-review-repeat","false","true","released_managed_page; fragment_not_rechecked_here","Preserve approved page; validate anchor only when affected by edits."
"/pinnacle-global-autism-framework","Pinnacle Global Framework","footerColumns","https://www.pinnacleblooms.org/pinnacle-global-autism-framework","true","/pinnacle-global-autism-framework","false","false","retained_legacy_destination; role_and_fragment_review_pending","Verify exact destination role/content/anchor in its source before edits; absence from sitemap alone is not a defect."
"/about-pinnacle-proven-improvement-rate#Vision-section","Vision","footerColumns","https://www.pinnacleblooms.org/about-pinnacle-proven-improvement-rate#Vision-section","true","/about-pinnacle-proven-improvement-rate","true","true","retained_legacy_destination; role_and_fragment_review_pending","Verify exact destination role/content/anchor in its source before edits; absence from sitemap alone is not a defect."
"/about-pinnacle-proven-improvement-rate#Mission-section","Mission","footerColumns","https://www.pinnacleblooms.org/about-pinnacle-proven-improvement-rate#Mission-section","true","/about-pinnacle-proven-improvement-rate","true","true","retained_legacy_destination; role_and_fragment_review_pending","Verify exact destination role/content/anchor in its source before edits; absence from sitemap alone is not a defect."
"/about-pinnacle-proven-improvement-rate#Values-section","Values","footerColumns","https://www.pinnacleblooms.org/about-pinnacle-proven-improvement-rate#Values-section","true","/about-pinnacle-proven-improvement-rate","true","true","retained_legacy_destination; role_and_fragment_review_pending","Verify exact destination role/content/anchor in its source before edits; absence from sitemap alone is not a defect."
"/about-pinnacle-proven-improvement-rate#BHCL-section","Bharath Healthcare Laboratories Private Limited","footerColumns","https://www.pinnacleblooms.org/about-pinnacle-proven-improvement-rate#BHCL-section","true","/about-pinnacle-proven-improvement-rate","true","true","retained_legacy_destination; role_and_fragment_review_pending","Verify exact destination role/content/anchor in its source before edits; absence from sitemap alone is not a defect."
"/about-pinnacle-proven-improvement-rate#KGV-section","Kotii Group of Technological Ventures R&D P LIMITED","footerColumns","https://www.pinnacleblooms.org/about-pinnacle-proven-improvement-rate#KGV-section","true","/about-pinnacle-proven-improvement-rate","true","true","retained_legacy_destination; role_and_fragment_review_pending","Verify exact destination role/content/anchor in its source before edits; absence from sitemap alone is not a defect."
"/staff","Our Team","footerColumns","https://www.pinnacleblooms.org/staff","true","/staff","false","true","retained_legacy_destination; role_and_fragment_review_pending","Verify exact destination role/content/anchor in its source before edits; absence from sitemap alone is not a defect."
"/allmirracles","Parent stories","footerColumns","https://www.pinnacleblooms.org/allmirracles","true","/allmirracles","false","true","retained_legacy_destination; role_and_fragment_review_pending","Verify exact destination role/content/anchor in its source before edits; absence from sitemap alone is not a defect."
"/media-coverage","Media coverage","footerColumns","https://www.pinnacleblooms.org/media-coverage","true","/media-coverage","false","true","retained_legacy_destination; role_and_fragment_review_pending","Verify exact destination role/content/anchor in its source before edits; absence from sitemap alone is not a defect."
"/events","Events","footerColumns","https://www.pinnacleblooms.org/events","true","/events","false","true","retained_legacy_destination; role_and_fragment_review_pending","Verify exact destination role/content/anchor in its source before edits; absence from sitemap alone is not a defect."
"/global-research-whitebook","Global Research Whitebook","footerColumns","https://www.pinnacleblooms.org/global-research-whitebook","true","/global-research-whitebook","false","false","retained_legacy_destination; role_and_fragment_review_pending","Verify exact destination role/content/anchor in its source before edits; absence from sitemap alone is not a defect."
"/abilityscore-global-study","AbilityScore® Longitudinal Study","footerColumns","https://www.pinnacleblooms.org/abilityscore-global-study","true","/abilityscore-global-study","false","false","retained_legacy_destination; role_and_fragment_review_pending","Verify exact destination role/content/anchor in its source before edits; absence from sitemap alone is not a defect."
"/seva-impact-study","SEVA™ Impact Study","footerColumns","https://www.pinnacleblooms.org/seva-impact-study","true","/seva-impact-study","false","false","retained_legacy_destination; role_and_fragment_review_pending","Verify exact destination role/content/anchor in its source before edits; absence from sitemap alone is not a defect."
"/therapeuticai-effectiveness-study","TherapeuticAI® Effectiveness Study","footerColumns","https://www.pinnacleblooms.org/therapeuticai-effectiveness-study","true","/therapeuticai-effectiveness-study","false","false","retained_legacy_destination; role_and_fragment_review_pending","Verify exact destination role/content/anchor in its source before edits; absence from sitemap alone is not a defect."
"/everyday-therapy-home-study","Everyday Therapy™ Home Integration Study","footerColumns","https://www.pinnacleblooms.org/everyday-therapy-home-study","true","/everyday-therapy-home-study","false","false","retained_legacy_destination; role_and_fragment_review_pending","Verify exact destination role/content/anchor in its source before edits; absence from sitemap alone is not a defect."
"/multilingual-therapy-outcomes","Multilingual Therapy Outcomes Study","footerColumns","https://www.pinnacleblooms.org/multilingual-therapy-outcomes","true","/multilingual-therapy-outcomes","false","false","retained_legacy_destination; role_and_fragment_review_pending","Verify exact destination role/content/anchor in its source before edits; absence from sitemap alone is not a defect."
"/school-readiness-study","School Readiness & Inclusion Study","footerColumns","https://www.pinnacleblooms.org/school-readiness-study","true","/school-readiness-study","false","false","retained_legacy_destination; role_and_fragment_review_pending","Verify exact destination role/content/anchor in its source before edits; absence from sitemap alone is not a defect."
"/seva-index","SEVA™ Social Equity Index Study","footerColumns","https://www.pinnacleblooms.org/seva-index","true","/seva-index","false","false","retained_legacy_destination; role_and_fragment_review_pending","Verify exact destination role/content/anchor in its source before edits; absence from sitemap alone is not a defect."
"/therapist-burnout-empathy","Therapist Burnout & Empathy Study","footerColumns","https://www.pinnacleblooms.org/therapist-burnout-empathy","true","/therapist-burnout-empathy","false","false","retained_legacy_destination; role_and_fragment_review_pending","Verify exact destination role/content/anchor in its source before edits; absence from sitemap alone is not a defect."
"/abilityscore-predictive-study","AbilityScore® Predictive Validity Study","footerColumns","https://www.pinnacleblooms.org/abilityscore-predictive-study","true","/abilityscore-predictive-study","false","false","retained_legacy_destination; role_and_fragment_review_pending","Verify exact destination role/content/anchor in its source before edits; absence from sitemap alone is not a defect."
"/therapysphere-study","TherapySphere™ Sensory Environment Study","footerColumns","https://www.pinnacleblooms.org/therapysphere-study","true","/therapysphere-study","false","false","retained_legacy_destination; role_and_fragment_review_pending","Verify exact destination role/content/anchor in its source before edits; absence from sitemap alone is not a defect."
"/question-comprehension-study","Question Comprehension Improvement Study","footerColumns","https://www.pinnacleblooms.org/question-comprehension-study","true","/question-comprehension-study","false","false","retained_legacy_destination; role_and_fragment_review_pending","Verify exact destination role/content/anchor in its source before edits; absence from sitemap alone is not a defect."
"/parent-led-generalization","Parent-Led Generalization Study","footerColumns","https://www.pinnacleblooms.org/parent-led-generalization","true","/parent-led-generalization","false","false","retained_legacy_destination; role_and_fragment_review_pending","Verify exact destination role/content/anchor in its source before edits; absence from sitemap alone is not a defect."
"/enroll-autism-speech-aba-therapies-india","Enroll My Kid","footerColumns","https://www.pinnacleblooms.org/enroll-autism-speech-aba-therapies-india","true","/enroll-autism-speech-aba-therapies-india","false","true","released_managed_page; fragment_not_rechecked_here","Preserve approved page; validate anchor only when affected by edits."
"/leadership","Leadership","footerColumns","https://www.pinnacleblooms.org/leadership","true","/leadership","false","true","retained_legacy_destination; role_and_fragment_review_pending","Verify exact destination role/content/anchor in its source before edits; absence from sitemap alone is not a defect."
"/autism-speech-aba-parent-family-resources","Download Resources","footerColumns","https://www.pinnacleblooms.org/autism-speech-aba-parent-family-resources","true","/autism-speech-aba-parent-family-resources","false","true","retained_legacy_destination; role_and_fragment_review_pending","Verify exact destination role/content/anchor in its source before edits; absence from sitemap alone is not a defect."
"/payonline","Pay Online","footerColumns","https://www.pinnacleblooms.org/payonline","true","/payonline","false","false","retained_legacy_destination; role_and_fragment_review_pending","Verify exact destination role/content/anchor in its source before edits; absence from sitemap alone is not a defect."
"/speech-aba-autism-assessments","Assessments","footerColumns","https://www.pinnacleblooms.org/speech-aba-autism-assessments","true","/speech-aba-autism-assessments","false","true","released_managed_page; fragment_not_rechecked_here","Preserve approved page; validate anchor only when affected by edits."
"/certified-courses","Certification Courses","footerColumns","https://www.pinnacleblooms.org/certified-courses","true","/certified-courses","false","true","retained_legacy_destination; role_and_fragment_review_pending","Verify exact destination role/content/anchor in its source before edits; absence from sitemap alone is not a defect."
"/careers","Careers","footerColumns","https://www.pinnacleblooms.org/careers","true","/careers","false","true","retained_legacy_destination; role_and_fragment_review_pending","Verify exact destination role/content/anchor in its source before edits; absence from sitemap alone is not a defect."
"/autism-speech-aba-news","News","footerColumns","https://www.pinnacleblooms.org/autism-speech-aba-news","true","/autism-speech-aba-news","false","true","retained_legacy_destination; role_and_fragment_review_pending","Verify exact destination role/content/anchor in its source before edits; absence from sitemap alone is not a defect."
"/top-autism-therapy-services-india-proven-improvement-rate","All therapy services","footerColumns","https://www.pinnacleblooms.org/top-autism-therapy-services-india-proven-improvement-rate","true","/top-autism-therapy-services-india-proven-improvement-rate","false","true","retained_legacy_destination; role_and_fragment_review_pending","Verify exact destination role/content/anchor in its source before edits; absence from sitemap alone is not a defect."
"/autism-therapy","Autism therapy","footerColumns","https://www.pinnacleblooms.org/autism-therapy","true","/autism-therapy","false","true","released_managed_page; fragment_not_rechecked_here","Preserve approved page; validate anchor only when affected by edits."
"/top-speech-therapy-center-india-proven-improvement-rate","Speech Therapy","footerColumns","https://www.pinnacleblooms.org/top-speech-therapy-center-india-proven-improvement-rate","true","/top-speech-therapy-center-india-proven-improvement-rate","false","true","released_managed_page; fragment_not_rechecked_here","Preserve approved page; validate anchor only when affected by edits."
"/best-occupational-therapy-center-india-proven-improvement-rate","Occupational Therapy","footerColumns","https://www.pinnacleblooms.org/best-occupational-therapy-center-india-proven-improvement-rate","true","/best-occupational-therapy-center-india-proven-improvement-rate","false","true","released_managed_page; fragment_not_rechecked_here","Preserve approved page; validate anchor only when affected by edits."
"/best-aba-therapy-center-india-proven-improvement-rate","ABA Therapy","footerColumns","https://www.pinnacleblooms.org/best-aba-therapy-center-india-proven-improvement-rate","true","/best-aba-therapy-center-india-proven-improvement-rate","false","true","released_managed_page; fragment_not_rechecked_here","Preserve approved page; validate anchor only when affected by edits."
"/child-psychological-counseling","Psychological Counseling","footerColumns","https://www.pinnacleblooms.org/child-psychological-counseling","true","/child-psychological-counseling","false","true","retained_legacy_destination; role_and_fragment_review_pending","Verify exact destination role/content/anchor in its source before edits; absence from sitemap alone is not a defect."
"/best-special-education-center-call-9100181181","special education","footerColumns","https://www.pinnacleblooms.org/best-special-education-center-call-9100181181","true","/best-special-education-center-call-9100181181","false","true","released_managed_page; fragment_not_rechecked_here","Preserve approved page; validate anchor only when affected by edits."
"/dance-therapy","Dance Therapy","footerColumns","https://www.pinnacleblooms.org/dance-therapy","true","/dance-therapy","false","true","retained_legacy_destination; role_and_fragment_review_pending","Verify exact destination role/content/anchor in its source before edits; absence from sitemap alone is not a defect."
"/yoga-therapy","Yoga Therapy","footerColumns","https://www.pinnacleblooms.org/yoga-therapy","true","/yoga-therapy","false","true","retained_legacy_destination; role_and_fragment_review_pending","Verify exact destination role/content/anchor in its source before edits; absence from sitemap alone is not a defect."
"/hydro-therapy","Hydro Therapy","footerColumns","https://www.pinnacleblooms.org/hydro-therapy","true","/hydro-therapy","false","true","retained_legacy_destination; role_and_fragment_review_pending","Verify exact destination role/content/anchor in its source before edits; absence from sitemap alone is not a defect."
"/physio-therapy","Physio Therapy","footerColumns","https://www.pinnacleblooms.org/physio-therapy","true","/physio-therapy","false","true","retained_legacy_destination; role_and_fragment_review_pending","Verify exact destination role/content/anchor in its source before edits; absence from sitemap alone is not a defect."
"/music-therapy","Music therapy","footerColumns","https://www.pinnacleblooms.org/music-therapy","true","/music-therapy","false","true","retained_legacy_destination; role_and_fragment_review_pending","Verify exact destination role/content/anchor in its source before edits; absence from sitemap alone is not a defect."
"/group-teaching","Group Teaching","footerColumns","https://www.pinnacleblooms.org/group-teaching","true","/group-teaching","false","true","retained_legacy_destination; role_and_fragment_review_pending","Verify exact destination role/content/anchor in its source before edits; absence from sitemap alone is not a defect."
"/parent-training","Parent Training","footerColumns","https://www.pinnacleblooms.org/parent-training","true","/parent-training","false","true","retained_legacy_destination; role_and_fragment_review_pending","Verify exact destination role/content/anchor in its source before edits; absence from sitemap alone is not a defect."
"/teacher-training","Teacher Training","footerColumns","https://www.pinnacleblooms.org/teacher-training","true","/teacher-training","false","true","retained_legacy_destination; role_and_fragment_review_pending","Verify exact destination role/content/anchor in its source before edits; absence from sitemap alone is not a defect."
"/school-training","School Training","footerColumns","https://www.pinnacleblooms.org/school-training","true","/school-training","false","true","retained_legacy_destination; role_and_fragment_review_pending","Verify exact destination role/content/anchor in its source before edits; absence from sitemap alone is not a defect."
"https://www.youtube.com/pinnaclebloomsnetwork","Live TV","footerColumns","https://www.youtube.com/pinnaclebloomsnetwork","false","","false","false","retained_external_destination; identity_review_as_needed","Preserve useful official/contact/platform role; do not imply platform endorsement."
"https://www.youtube.com/watch?v=DVNPmQAvCUY&list=PL0lwT9W0zVph0A5YFRCw8WQEH5jTws3zW","Assessments","footerColumns","https://www.youtube.com/watch?v=DVNPmQAvCUY&list=PL0lwT9W0zVph0A5YFRCw8WQEH5jTws3zW","false","","false","false","retained_external_destination; identity_review_as_needed","Preserve useful official/contact/platform role; do not imply platform endorsement."
"https://www.youtube.com/watch?v=Z9BveMDW4qc&list=PL0lwT9W0zVphe-a_OUYhYl1NTiyfAW0pD","Center Tour","footerColumns","https://www.youtube.com/watch?v=Z9BveMDW4qc&list=PL0lwT9W0zVphe-a_OUYhYl1NTiyfAW0pD","false","","false","false","retained_external_destination; identity_review_as_needed","Preserve useful official/contact/platform role; do not imply platform endorsement."
"https://www.youtube.com/watch?v=gpLkt0MVbPA&list=PL0lwT9W0zVpjuOdR_87e4mDEdC3zOnmlD&t=4s","Our Promise","footerColumns","https://www.youtube.com/watch?v=gpLkt0MVbPA&list=PL0lwT9W0zVpjuOdR_87e4mDEdC3zOnmlD&t=4s","false","","false","false","retained_external_destination; identity_review_as_needed","Preserve useful official/contact/platform role; do not imply platform endorsement."
"https://www.youtube.com/watch?v=aRQphTyPnx4&list=PL0lwT9W0zVphxHFQ2gESGHx7UAFkwWSgh","Why Pinnacle","footerColumns","https://www.youtube.com/watch?v=aRQphTyPnx4&list=PL0lwT9W0zVphxHFQ2gESGHx7UAFkwWSgh","false","","false","false","retained_external_destination; identity_review_as_needed","Preserve useful official/contact/platform role; do not imply platform endorsement."
"https://www.youtube.com/watch?v=mRpcTIljONA&list=PL0lwT9W0zVpgS5owpJUO174UGpfmxv9Ho","Parent's Darling","footerColumns","https://www.youtube.com/watch?v=mRpcTIljONA&list=PL0lwT9W0zVpgS5owpJUO174UGpfmxv9Ho","false","","false","false","retained_external_destination; identity_review_as_needed","Preserve useful official/contact/platform role; do not imply platform endorsement."
"https://www.youtube.com/watch?v=avTnlyHwXzA&list=PL0lwT9W0zVph_uUC_it7z2k_N47MSotvU","Group Therapies","footerColumns","https://www.youtube.com/watch?v=avTnlyHwXzA&list=PL0lwT9W0zVph_uUC_it7z2k_N47MSotvU","false","","false","false","retained_external_destination; identity_review_as_needed","Preserve useful official/contact/platform role; do not imply platform endorsement."
"https://www.youtube.com/playlist?list=PL0lwT9W0zVpggtg4EjReDxF7U_hddJ62M","Speech Therapy","footerColumns","https://www.youtube.com/playlist?list=PL0lwT9W0zVpggtg4EjReDxF7U_hddJ62M","false","","false","false","retained_external_destination; identity_review_as_needed","Preserve useful official/contact/platform role; do not imply platform endorsement."
"https://www.youtube.com/playlist?list=PL0lwT9W0zVpjE-DmjB8iLJ-CFy4Y5uDN-","Occupational","footerColumns","https://www.youtube.com/playlist?list=PL0lwT9W0zVpjE-DmjB8iLJ-CFy4Y5uDN-","false","","false","false","retained_external_destination; identity_review_as_needed","Preserve useful official/contact/platform role; do not imply platform endorsement."
"https://www.youtube.com/playlist?list=PL0lwT9W0zVph_2gMj-nx8J7Grb59gZCkr","Special Education","footerColumns","https://www.youtube.com/playlist?list=PL0lwT9W0zVph_2gMj-nx8J7Grb59gZCkr","false","","false","false","retained_external_destination; identity_review_as_needed","Preserve useful official/contact/platform role; do not imply platform endorsement."
"https://www.youtube.com/watch?v=OHWXU5cyrv8&list=PL0lwT9W0zVpgER0w710_PSETVXo_UcNap","ABA Therapy","footerColumns","https://www.youtube.com/watch?v=OHWXU5cyrv8&list=PL0lwT9W0zVpgER0w710_PSETVXo_UcNap","false","","false","false","retained_external_destination; identity_review_as_needed","Preserve useful official/contact/platform role; do not imply platform endorsement."
"https://www.youtube.com/playlist?list=PL0lwT9W0zVpiek5-R7o90GMIcVSz0A-uM","Behaviour support videos","footerColumns","https://www.youtube.com/playlist?list=PL0lwT9W0zVpiek5-R7o90GMIcVSz0A-uM","false","","false","false","retained_external_destination; identity_review_as_needed","Preserve useful official/contact/platform role; do not imply platform endorsement."
"https://www.youtube.com/watch?time_continue=97&v=o0meHkN_dz8&feature=emb_title","Media's Darling","footerColumns","https://www.youtube.com/watch?time_continue=97&v=o0meHkN_dz8&feature=emb_title","false","","false","false","retained_external_destination; identity_review_as_needed","Preserve useful official/contact/platform role; do not imply platform endorsement."
"https://www.youtube.com/watch?v=_xteYSrmAHY&list=PL0lwT9W0zVpiLhGbr6newoQBl5-Rlcs8G&index=2","Telugu Ad #1","footerColumns","https://www.youtube.com/watch?v=_xteYSrmAHY&list=PL0lwT9W0zVpiLhGbr6newoQBl5-Rlcs8G&index=2","false","","false","false","retained_external_destination; identity_review_as_needed","Preserve useful official/contact/platform role; do not imply platform endorsement."
"https://www.youtube.com/watch?v=_xteYSrmAHY&list=PL0lwT9W0zVpiLhGbr6newoQBl5-Rlcs8G&index=2","Telugu Ad #2","footerColumns","https://www.youtube.com/watch?v=_xteYSrmAHY&list=PL0lwT9W0zVpiLhGbr6newoQBl5-Rlcs8G&index=2","false","","false","false","retained_external_destination; identity_review_as_needed","Preserve useful official/contact/platform role; do not imply platform endorsement."
"https://www.youtube.com/watch?v=CWgQmR3_UhY&list=PL0lwT9W0zVpgcVGtxrUeDtD58JtrH00PK","English Ad","footerColumns","https://www.youtube.com/watch?v=CWgQmR3_UhY&list=PL0lwT9W0zVpgcVGtxrUeDtD58JtrH00PK","false","","false","false","retained_external_destination; identity_review_as_needed","Preserve useful official/contact/platform role; do not imply platform endorsement."
"https://www.youtube.com/watch?v=FntpUgM6SDM&list=PL0lwT9W0zVphSworIQqJhYZVv-Cytqbhd","Pinnacle Shorts","footerColumns","https://www.youtube.com/watch?v=FntpUgM6SDM&list=PL0lwT9W0zVphSworIQqJhYZVv-Cytqbhd","false","","false","false","retained_external_destination; identity_review_as_needed","Preserve useful official/contact/platform role; do not imply platform endorsement."
"/verify/","Verify · 36 evidence records","footerColumns","https://www.pinnacleblooms.org/verify/","true","/verify/","false","true","retained_evidence_link","Verify exact destination role/content/anchor in its source before edits; absence from sitemap alone is not a defect."
"/verify/evidence/pinnacleai-regulatory-journey.html","PinnacleAI® regulatory journey","footerColumns","https://www.pinnacleblooms.org/verify/evidence/pinnacleai-regulatory-journey.html","true","/verify/evidence/pinnacleai-regulatory-journey.html","false","true","retained_evidence_link","Verify exact destination role/content/anchor in its source before edits; absence from sitemap alone is not a defect."
"/verify/evidence/cite.html","Citation library & downloads","footerColumns","https://www.pinnacleblooms.org/verify/evidence/cite.html","true","/verify/evidence/cite.html","false","true","retained_evidence_link","Verify exact destination role/content/anchor in its source before edits; absence from sitemap alone is not a defect."
"/verify/evidence/recognition-register.html","Recognition register","footerColumns","https://www.pinnacleblooms.org/verify/evidence/recognition-register.html","true","/verify/evidence/recognition-register.html","false","true","retained_evidence_link","Verify exact destination role/content/anchor in its source before edits; absence from sitemap alone is not a defect."
"/verify/evidence/records/appreciations.html","Government appreciation · source letters","footerColumns","https://www.pinnacleblooms.org/verify/evidence/records/appreciations.html","true","/verify/evidence/records/appreciations.html","false","true","retained_evidence_link","Verify exact destination role/content/anchor in its source before edits; absence from sitemap alone is not a defect."
"/verify/evidence/records/awards.html","Awards & nominations · documented stage","footerColumns","https://www.pinnacleblooms.org/verify/evidence/records/awards.html","true","/verify/evidence/records/awards.html","false","true","retained_evidence_link","Verify exact destination role/content/anchor in its source before edits; absence from sitemap alone is not a defect."
"/verify/evidence/research-library.html","Research library","footerColumns","https://www.pinnacleblooms.org/verify/evidence/research-library.html","true","/verify/evidence/research-library.html","false","true","retained_evidence_link","Verify exact destination role/content/anchor in its source before edits; absence from sitemap alone is not a defect."
"/franchises#what-section","What is Pinnacle Blooms Network Franchise","footerColumns","https://www.pinnacleblooms.org/franchises#what-section","true","/franchises","true","false","retained_legacy_destination; role_and_fragment_review_pending","Verify exact destination role/content/anchor in its source before edits; absence from sitemap alone is not a defect."
"/franchises#why-section","Why Franchise with us ?","footerColumns","https://www.pinnacleblooms.org/franchises#why-section","true","/franchises","true","false","retained_legacy_destination; role_and_fragment_review_pending","Verify exact destination role/content/anchor in its source before edits; absence from sitemap alone is not a defect."
"/franchises#Advantages-section","Advantages of our Franchise","footerColumns","https://www.pinnacleblooms.org/franchises#Advantages-section","true","/franchises","true","false","retained_legacy_destination; role_and_fragment_review_pending","Verify exact destination role/content/anchor in its source before edits; absence from sitemap alone is not a defect."
"/franchises#ChildrenServices-section","Eligibility our Franchise network","footerColumns","https://www.pinnacleblooms.org/franchises#ChildrenServices-section","true","/franchises","true","false","retained_legacy_destination; role_and_fragment_review_pending","Verify exact destination role/content/anchor in its source before edits; absence from sitemap alone is not a defect."
"/franchises#adultservices-section","Franchise application process","footerColumns","https://www.pinnacleblooms.org/franchises#adultservices-section","true","/franchises","true","false","retained_legacy_destination; role_and_fragment_review_pending","Verify exact destination role/content/anchor in its source before edits; absence from sitemap alone is not a defect."
"/franchises#assessment-section","Our Franchise network cost","footerColumns","https://www.pinnacleblooms.org/franchises#assessment-section","true","/franchises","true","false","retained_legacy_destination; role_and_fragment_review_pending","Verify exact destination role/content/anchor in its source before edits; absence from sitemap alone is not a defect."
"/franchises#statutory-section","Our network franchise","footerColumns","https://www.pinnacleblooms.org/franchises#statutory-section","true","/franchises","true","false","retained_legacy_destination; role_and_fragment_review_pending","Verify exact destination role/content/anchor in its source before edits; absence from sitemap alone is not a defect."
"https://materials.pinnacleblooms.org/","Pinnacle Materials","footerColumns","https://materials.pinnacleblooms.org/","false","","false","false","retained_external_destination; identity_review_as_needed","Preserve useful official/contact/platform role; do not imply platform endorsement."
"https://interventions.pinnacleblooms.org/","Pinnacle Intervention Techniques","footerColumns","https://interventions.pinnacleblooms.org/","false","","false","false","retained_external_destination; identity_review_as_needed","Preserve useful official/contact/platform role; do not imply platform endorsement."
"https://pediatricians.pinnacleblooms.org/","Pinnacle Pediatricians","footerColumns","https://pediatricians.pinnacleblooms.org/","false","","false","false","retained_external_destination; identity_review_as_needed","Preserve useful official/contact/platform role; do not imply platform endorsement."
"https://pinnacleblooms.org/ask/","Ask Pinnacle · answers & guidance","footerColumns","https://pinnacleblooms.org/ask/","true","/ask/","false","false","retained_legacy_destination; role_and_fragment_review_pending","Verify exact destination role/content/anchor in its source before edits; absence from sitemap alone is not a defect."
"/verify/","Licences, research & evidence","footerColumns","https://www.pinnacleblooms.org/verify/","true","/verify/","false","true","retained_evidence_link","Verify exact destination role/content/anchor in its source before edits; absence from sitemap alone is not a defect."
"/national-autism-helpline","National Autism Helpline — 9100 181 181","footerColumns","https://www.pinnacleblooms.org/national-autism-helpline","true","/national-autism-helpline","false","true","retained_legacy_destination; role_and_fragment_review_pending","Verify exact destination role/content/anchor in its source before edits; absence from sitemap alone is not a defect."
"https://www.facebook.com/pinnacleblooms.org/","Facebook","community","https://www.facebook.com/pinnacleblooms.org/","false","","false","false","retained_external_destination; identity_review_as_needed","Preserve useful official/contact/platform role; do not imply platform endorsement."
"https://twitter.com/pinnacleblooms","Twitter","community","https://twitter.com/pinnacleblooms","false","","false","false","retained_external_destination; identity_review_as_needed","Preserve useful official/contact/platform role; do not imply platform endorsement."
"https://www.instagram.com/autism.pinnacleblooms_org/","Instagram","community","https://www.instagram.com/autism.pinnacleblooms_org/","false","","false","false","retained_external_destination; identity_review_as_needed","Preserve useful official/contact/platform role; do not imply platform endorsement."
"https://www.youtube.com/c/PinnacleBloomsNetwork","YouTube","community","https://www.youtube.com/c/PinnacleBloomsNetwork","false","","false","false","retained_external_destination; identity_review_as_needed","Preserve useful official/contact/platform role; do not imply platform endorsement."
"https://www.linkedin.com/company/pinnacleblooms/","LinkedIn","community","https://www.linkedin.com/company/pinnacleblooms/","false","","false","false","retained_external_destination; identity_review_as_needed","Preserve useful official/contact/platform role; do not imply platform endorsement."
"https://in.pinterest.com/pinnacleblooms_org","PINTEREST","community","https://in.pinterest.com/pinnacleblooms_org","false","","false","false","retained_external_destination; identity_review_as_needed","Preserve useful official/contact/platform role; do not imply platform endorsement."
"/contact-national-autism-helpline-24-7","CONTACT US","community","https://www.pinnacleblooms.org/contact-national-autism-helpline-24-7","true","/contact-national-autism-helpline-24-7","false","true","retained_legacy_destination; role_and_fragment_review_pending","Verify exact destination role/content/anchor in its source before edits; absence from sitemap alone is not a defect."
"https://www.google.com/maps/search/Pinnacle+Blooms+Network/17.4987187,78.3863397,13z?source=g.page.m._","ALL LOCATIONS — Telangana, Andhra Pradesh, Karnataka, Tamil Nadu, Delhi and United States","locations","https://www.google.com/maps/search/Pinnacle+Blooms+Network/17.4987187,78.3863397,13z?source=g.page.m._","false","","false","false","retained_external_destination; identity_review_as_needed","Preserve useful official/contact/platform role; do not imply platform endorsement."
"https://g.page/r/CQf71jcpVLLBEAE","Suchitra, Bowenpally, TS, IN","locations","https://g.page/r/CQf71jcpVLLBEAE","false","","false","false","retained_external_destination; identity_review_as_needed","Preserve useful official/contact/platform role; do not imply platform endorsement."
"https://g.page/r/CTcegotJis4xEAE","Kukatpally, Hyderabad, TS, IN","locations","https://g.page/r/CTcegotJis4xEAE","false","","false","false","retained_external_destination; identity_review_as_needed","Preserve useful official/contact/platform role; do not imply platform endorsement."
"https://g.page/r/CdgzPv7GkChZEAE","SR Nagar, Hyderabad, TS, IN","locations","https://g.page/r/CdgzPv7GkChZEAE","false","","false","false","retained_external_destination; identity_review_as_needed","Preserve useful official/contact/platform role; do not imply platform endorsement."
"https://g.page/pinnaclebloomsbegumpet?gm","Begumpet, Hyderabad, TS, IN","locations","https://g.page/pinnaclebloomsbegumpet?gm","false","","false","false","retained_external_destination; identity_review_as_needed","Preserve useful official/contact/platform role; do not imply platform endorsement."
"https://g.page/r/CQCRV84JauWUEAE","Himayath Nagar, Hyderabad, TS, IN","locations","https://g.page/r/CQCRV84JauWUEAE","false","","false","false","retained_external_destination; identity_review_as_needed","Preserve useful official/contact/platform role; do not imply platform endorsement."
"https://g.page/r/CYkL0-BsPtrwEAE","AS Rao Nagar, Hyderabad, TS, IN","locations","https://g.page/r/CYkL0-BsPtrwEAE","false","","false","false","retained_external_destination; identity_review_as_needed","Preserve useful official/contact/platform role; do not imply platform endorsement."
"https://g.page/r/CU_cJZYtYlzKEAE","Jubliee Hills, Hyderabad, TS, IN","locations","https://g.page/r/CU_cJZYtYlzKEAE","false","","false","false","retained_external_destination; identity_review_as_needed","Preserve useful official/contact/platform role; do not imply platform endorsement."
"https://g.page/r/Cff1DDzbzJtZEAE","LB Nagar, Hyderabad, TS, IN","locations","https://g.page/r/Cff1DDzbzJtZEAE","false","","false","false","retained_external_destination; identity_review_as_needed","Preserve useful official/contact/platform role; do not imply platform endorsement."
"https://g.page/r/CXCIpusqpbbCEAE","Hydernagar, Hyderabad, TS, IN","locations","https://g.page/r/CXCIpusqpbbCEAE","false","","false","false","retained_external_destination; identity_review_as_needed","Preserve useful official/contact/platform role; do not imply platform endorsement."
"https://g.page/r/CftjLZYCVsIPEAE","Uppal, Habsiguda, Hyderabad, TS, IN","locations","https://g.page/r/CftjLZYCVsIPEAE","false","","false","false","retained_external_destination; identity_review_as_needed","Preserve useful official/contact/platform role; do not imply platform endorsement."
"/contact-national-autism-helpline-24-7#vijayawada","Vijayawada, AP, IN","locations","https://www.pinnacleblooms.org/contact-national-autism-helpline-24-7#vijayawada","true","/contact-national-autism-helpline-24-7","true","true","retained_legacy_destination; role_and_fragment_review_pending","Verify exact destination role/content/anchor in its source before edits; absence from sitemap alone is not a defect."
"https://g.page/pbnvizagjagadamba?gm","Vishakapatnam, AP, IN","locations","https://g.page/pbnvizagjagadamba?gm","false","","false","false","retained_external_destination; identity_review_as_needed","Preserve useful official/contact/platform role; do not imply platform endorsement."
"https://g.page/r/CXbwD41tm_4IEAE","Dilshuknagar, Hyderabad, TS, IN","locations","https://g.page/r/CXbwD41tm_4IEAE","false","","false","false","retained_external_destination; identity_review_as_needed","Preserve useful official/contact/platform role; do not imply platform endorsement."
"/contact-national-autism-helpline-24-7#vanasthalipuram","Vanasthalipuram, Hyderabad, TS, IN","locations","https://www.pinnacleblooms.org/contact-national-autism-helpline-24-7#vanasthalipuram","true","/contact-national-autism-helpline-24-7","true","true","retained_legacy_destination; role_and_fragment_review_pending","Verify exact destination role/content/anchor in its source before edits; absence from sitemap alone is not a defect."
"/contact-national-autism-helpline-24-7#gachibowli","Gachibowli, Hyderabad, TS, IN","locations","https://www.pinnacleblooms.org/contact-national-autism-helpline-24-7#gachibowli","true","/contact-national-autism-helpline-24-7","true","true","retained_legacy_destination; role_and_fragment_review_pending","Verify exact destination role/content/anchor in its source before edits; absence from sitemap alone is not a defect."
"/privacy-policy","Privacy Policy","legal","https://www.pinnacleblooms.org/privacy-policy","true","/privacy-policy","false","true","retained_legacy_destination; role_and_fragment_review_pending","Verify exact destination role/content/anchor in its source before edits; absence from sitemap alone is not a defect."
"/terms-of-use","Terms of Use","legal","https://www.pinnacleblooms.org/terms-of-use","true","/terms-of-use","false","true","retained_legacy_destination; role_and_fragment_review_pending","Verify exact destination role/content/anchor in its source before edits; absence from sitemap alone is not a defect."
"/cookie-policy","Cookie Policy","legal","https://www.pinnacleblooms.org/cookie-policy","true","/cookie-policy","false","true","retained_legacy_destination; role_and_fragment_review_pending","Verify exact destination role/content/anchor in its source before edits; absence from sitemap alone is not a defect."
"https://books.pinnacleblooms.org/payment-and-billing","Payment & Billing","legal","https://books.pinnacleblooms.org/payment-and-billing","false","","false","false","retained_external_destination; identity_review_as_needed","Preserve useful official/contact/platform role; do not imply platform endorsement."
"/copyright-and-intellectual","Copyright & Intellectual Property","legal","https://www.pinnacleblooms.org/copyright-and-intellectual","true","/copyright-and-intellectual","false","true","retained_legacy_destination; role_and_fragment_review_pending","Verify exact destination role/content/anchor in its source before edits; absence from sitemap alone is not a defect."
"/age-restriction-policy","Age Restriction Policy","legal","https://www.pinnacleblooms.org/age-restriction-policy","true","/age-restriction-policy","false","true","retained_legacy_destination; role_and_fragment_review_pending","Verify exact destination role/content/anchor in its source before edits; absence from sitemap alone is not a defect."
"/contact-information","Contact Information","legal","https://www.pinnacleblooms.org/contact-information","true","/contact-information","false","true","retained_legacy_destination; role_and_fragment_review_pending","Verify exact destination role/content/anchor in its source before edits; absence from sitemap alone is not a defect."
"/disclaimer-and-limitations-of-liabilities","Disclaimer and Limitation of Liabilities","legal","https://www.pinnacleblooms.org/disclaimer-and-limitations-of-liabilities","true","/disclaimer-and-limitations-of-liabilities","false","true","retained_legacy_destination; role_and_fragment_review_pending","Verify exact destination role/content/anchor in its source before edits; absence from sitemap alone is not a defect."
"/endorsement-and-testimonial","Endorsement and Testimonials","legal","https://www.pinnacleblooms.org/endorsement-and-testimonial","true","/endorsement-and-testimonial","false","true","retained_legacy_destination; role_and_fragment_review_pending","Verify exact destination role/content/anchor in its source before edits; absence from sitemap alone is not a defect."
"/governing-and-jurisdiction","Governing Law and Jurisdiction","legal","https://www.pinnacleblooms.org/governing-and-jurisdiction","true","/governing-and-jurisdiction","false","true","retained_legacy_destination; role_and_fragment_review_pending","Verify exact destination role/content/anchor in its source before edits; absence from sitemap alone is not a defect."
"/third-party-inegration","Third-Party Integration Policy","legal","https://www.pinnacleblooms.org/third-party-inegration","true","/third-party-inegration","false","true","retained_legacy_destination; role_and_fragment_review_pending","Verify exact destination role/content/anchor in its source before edits; absence from sitemap alone is not a defect."
"/refund-policy","Refund Policy","legal","https://www.pinnacleblooms.org/refund-policy","true","/refund-policy","false","true","retained_legacy_destination; role_and_fragment_review_pending","Verify exact destination role/content/anchor in its source before edits; absence from sitemap alone is not a defect."
"/staff-declaration","Pinnacle Blooms Network Staff Conduct and HR Compliance Charter","legal","https://www.pinnacleblooms.org/staff-declaration","true","/staff-declaration","false","false","retained_legacy_destination; role_and_fragment_review_pending","Verify exact destination role/content/anchor in its source before edits; absence from sitemap alone is not a defect."
"/ethics-charter","Ethics Charter","legal","https://www.pinnacleblooms.org/ethics-charter","true","/ethics-charter","false","false","retained_legacy_destination; role_and_fragment_review_pending","Verify exact destination role/content/anchor in its source before edits; absence from sitemap alone is not a defect."
"https://www.pinnacleblooms.org/verify/","Licences, research & evidence","legal","https://www.pinnacleblooms.org/verify/","true","/verify/","false","true","retained_evidence_link","Verify exact destination role/content/anchor in its source before edits; absence from sitemap alone is not a defect."
"https://www.pinnacleblooms.org/national-autism-helpline","National Autism Helpline — 9100 181 181","legal","https://www.pinnacleblooms.org/national-autism-helpline","true","/national-autism-helpline","false","true","retained_legacy_destination; role_and_fragment_review_pending","Verify exact destination role/content/anchor in its source before edits; absence from sitemap alone is not a defect."
"/verify/evidence/records/md5.html","MD-5 manufacturing licence","verifyFooterCards","https://www.pinnacleblooms.org/verify/evidence/records/md5.html","true","/verify/evidence/records/md5.html","false","true","retained_evidence_link","Verify exact destination role/content/anchor in its source before edits; absence from sitemap alone is not a defect."
"/verify/evidence/records/bis.html","BIS management-system licence","verifyFooterCards","https://www.pinnacleblooms.org/verify/evidence/records/bis.html","true","/verify/evidence/records/bis.html","false","true","retained_evidence_link","Verify exact destination role/content/anchor in its source before edits; absence from sitemap alone is not a defect."
"/verify/evidence/records/iso13485.html","Quality management","verifyFooterCards","https://www.pinnacleblooms.org/verify/evidence/records/iso13485.html","true","/verify/evidence/records/iso13485.html","false","true","retained_evidence_link","Verify exact destination role/content/anchor in its source before edits; absence from sitemap alone is not a defect."
"/verify/evidence/records/iso27001.html","Information security","verifyFooterCards","https://www.pinnacleblooms.org/verify/evidence/records/iso27001.html","true","/verify/evidence/records/iso27001.html","false","true","retained_evidence_link","Verify exact destination role/content/anchor in its source before edits; absence from sitemap alone is not a defect."
"/verify/evidence/records/lei.html","Legal entity identity","verifyFooterCards","https://www.pinnacleblooms.org/verify/evidence/records/lei.html","true","/verify/evidence/records/lei.html","false","true","retained_evidence_link","Verify exact destination role/content/anchor in its source before edits; absence from sitemap alone is not a defect."
"/verify/evidence/records/sae3000.html","Independent practitioner report","verifyFooterCards","https://www.pinnacleblooms.org/verify/evidence/records/sae3000.html","true","/verify/evidence/records/sae3000.html","false","true","retained_evidence_link","Verify exact destination role/content/anchor in its source before edits; absence from sitemap alone is not a defect."
"/verify/evidence/records/methodology.html","AbilityScore® research","verifyFooterCards","https://www.pinnacleblooms.org/verify/evidence/records/methodology.html","true","/verify/evidence/records/methodology.html","false","true","retained_evidence_link","Verify exact destination role/content/anchor in its source before edits; absence from sitemap alone is not a defect."
"/verify/evidence/records/study-portfolio.html","Company study portfolio","verifyFooterCards","https://www.pinnacleblooms.org/verify/evidence/records/study-portfolio.html","true","/verify/evidence/records/study-portfolio.html","false","true","retained_evidence_link","Verify exact destination role/content/anchor in its source before edits; absence from sitemap alone is not a defect."
"/verify/evidence/records/fsc.html","Free Sale Certificate","verifyFooterCards","https://www.pinnacleblooms.org/verify/evidence/records/fsc.html","true","/verify/evidence/records/fsc.html","false","true","retained_evidence_link","Verify exact destination role/content/anchor in its source before edits; absence from sitemap alone is not a defect."
"/verify/evidence/records/classification.html","Classification records","verifyFooterCards","https://www.pinnacleblooms.org/verify/evidence/records/classification.html","true","/verify/evidence/records/classification.html","false","true","retained_evidence_link","Verify exact destination role/content/anchor in its source before edits; absence from sitemap alone is not a defect."
"/verify/evidence/records/md3.html","Manufacturing-licence application","verifyFooterCards","https://www.pinnacleblooms.org/verify/evidence/records/md3.html","true","/verify/evidence/records/md3.html","false","true","retained_evidence_link","Verify exact destination role/content/anchor in its source before edits; absence from sitemap alone is not a defect."
"/verify/evidence/records/mca.html","Company identity history","verifyFooterCards","https://www.pinnacleblooms.org/verify/evidence/records/mca.html","true","/verify/evidence/records/mca.html","false","true","retained_evidence_link","Verify exact destination role/content/anchor in its source before edits; absence from sitemap alone is not a defect."
"/verify/evidence/records/dpiit.html","Startup recognition","verifyFooterCards","https://www.pinnacleblooms.org/verify/evidence/records/dpiit.html","true","/verify/evidence/records/dpiit.html","false","true","retained_evidence_link","Verify exact destination role/content/anchor in its source before edits; absence from sitemap alone is not a defect."
"/verify/evidence/records/udyam.html","Enterprise identity","verifyFooterCards","https://www.pinnacleblooms.org/verify/evidence/records/udyam.html","true","/verify/evidence/records/udyam.html","false","true","retained_evidence_link","Verify exact destination role/content/anchor in its source before edits; absence from sitemap alone is not a defect."
"/verify/evidence/records/gst.html","GST identity history","verifyFooterCards","https://www.pinnacleblooms.org/verify/evidence/records/gst.html","true","/verify/evidence/records/gst.html","false","true","retained_evidence_link","Verify exact destination role/content/anchor in its source before edits; absence from sitemap alone is not a defect."
"/verify/evidence/records/pan.html","PAN document","verifyFooterCards","https://www.pinnacleblooms.org/verify/evidence/records/pan.html","true","/verify/evidence/records/pan.html","false","true","retained_evidence_link","Verify exact destination role/content/anchor in its source before edits; absence from sitemap alone is not a defect."
"/verify/evidence/records/hfr.html","ABDM facility records","verifyFooterCards","https://www.pinnacleblooms.org/verify/evidence/records/hfr.html","true","/verify/evidence/records/hfr.html","false","true","retained_evidence_link","Verify exact destination role/content/anchor in its source before edits; absence from sitemap alone is not a defect."
"/verify/evidence/records/district-register.html","Institution registration map","verifyFooterCards","https://www.pinnacleblooms.org/verify/evidence/records/district-register.html","true","/verify/evidence/records/district-register.html","false","true","retained_evidence_link","Verify exact destination role/content/anchor in its source before edits; absence from sitemap alone is not a defect."
"/verify/evidence/records/rpwd-attapur.html","Attapur registration","verifyFooterCards","https://www.pinnacleblooms.org/verify/evidence/records/rpwd-attapur.html","true","/verify/evidence/records/rpwd-attapur.html","false","true","retained_evidence_link","Verify exact destination role/content/anchor in its source before edits; absence from sitemap alone is not a defect."
"/verify/evidence/records/rpwd-begumpet.html","Begumpet registration","verifyFooterCards","https://www.pinnacleblooms.org/verify/evidence/records/rpwd-begumpet.html","true","/verify/evidence/records/rpwd-begumpet.html","false","true","retained_evidence_link","Verify exact destination role/content/anchor in its source before edits; absence from sitemap alone is not a defect."
"/verify/evidence/records/rpwd-nizamabad.html","Nizamabad registration","verifyFooterCards","https://www.pinnacleblooms.org/verify/evidence/records/rpwd-nizamabad.html","true","/verify/evidence/records/rpwd-nizamabad.html","false","true","retained_evidence_link","Verify exact destination role/content/anchor in its source before edits; absence from sitemap alone is not a defect."
"/verify/evidence/records/rpwd-nellore.html","Nellore registration","verifyFooterCards","https://www.pinnacleblooms.org/verify/evidence/records/rpwd-nellore.html","true","/verify/evidence/records/rpwd-nellore.html","false","true","retained_evidence_link","Verify exact destination role/content/anchor in its source before edits; absence from sitemap alone is not a defect."
"/verify/evidence/records/srs4400.html","Agreed procedures report","verifyFooterCards","https://www.pinnacleblooms.org/verify/evidence/records/srs4400.html","true","/verify/evidence/records/srs4400.html","false","true","retained_evidence_link","Verify exact destination role/content/anchor in its source before edits; absence from sitemap alone is not a defect."
"/verify/evidence/records/operating-metrics.html","Dated operating measures","verifyFooterCards","https://www.pinnacleblooms.org/verify/evidence/records/operating-metrics.html","true","/verify/evidence/records/operating-metrics.html","false","true","retained_evidence_link","Verify exact destination role/content/anchor in its source before edits; absence from sitemap alone is not a defect."
"/verify/evidence/records/external-validation.html","Planned external validation","verifyFooterCards","https://www.pinnacleblooms.org/verify/evidence/records/external-validation.html","true","/verify/evidence/records/external-validation.html","false","true","retained_evidence_link","Verify exact destination role/content/anchor in its source before edits; absence from sitemap alone is not a defect."
"/verify/evidence/records/outcome-claim.html","Understanding improvement claims","verifyFooterCards","https://www.pinnacleblooms.org/verify/evidence/records/outcome-claim.html","true","/verify/evidence/records/outcome-claim.html","false","true","retained_evidence_link","Verify exact destination role/content/anchor in its source before edits; absence from sitemap alone is not a defect."
"/verify/evidence/records/appreciations.html","Government appreciation","verifyFooterCards","https://www.pinnacleblooms.org/verify/evidence/records/appreciations.html","true","/verify/evidence/records/appreciations.html","false","true","retained_evidence_link","Verify exact destination role/content/anchor in its source before edits; absence from sitemap alone is not a defect."
"/verify/evidence/records/awards.html","Recognition submissions","verifyFooterCards","https://www.pinnacleblooms.org/verify/evidence/records/awards.html","true","/verify/evidence/records/awards.html","false","true","retained_evidence_link","Verify exact destination role/content/anchor in its source before edits; absence from sitemap alone is not a defect."
"/verify/evidence/records/patents.html","Patent filing references","verifyFooterCards","https://www.pinnacleblooms.org/verify/evidence/records/patents.html","true","/verify/evidence/records/patents.html","false","true","retained_evidence_link","Verify exact destination role/content/anchor in its source before edits; absence from sitemap alone is not a defect."
"/verify/evidence/records/marks-copyright.html","Brands & publishing","verifyFooterCards","https://www.pinnacleblooms.org/verify/evidence/records/marks-copyright.html","true","/verify/evidence/records/marks-copyright.html","false","true","retained_evidence_link","Verify exact destination role/content/anchor in its source before edits; absence from sitemap alone is not a defect."
"/verify/evidence/records/whitebook.html","Research Whitebook","verifyFooterCards","https://www.pinnacleblooms.org/verify/evidence/records/whitebook.html","true","/verify/evidence/records/whitebook.html","false","true","retained_evidence_link","Verify exact destination role/content/anchor in its source before edits; absence from sitemap alone is not a defect."
"/verify/evidence/records/dossier.html","Evidence Dossier","verifyFooterCards","https://www.pinnacleblooms.org/verify/evidence/records/dossier.html","true","/verify/evidence/records/dossier.html","false","true","retained_evidence_link","Verify exact destination role/content/anchor in its source before edits; absence from sitemap alone is not a defect."
"/verify/evidence/records/september-handout.html","Company evidence summary","verifyFooterCards","https://www.pinnacleblooms.org/verify/evidence/records/september-handout.html","true","/verify/evidence/records/september-handout.html","false","true","retained_evidence_link","Verify exact destination role/content/anchor in its source before edits; absence from sitemap alone is not a defect."
"/verify/evidence/records/books.html","Books & authorship","verifyFooterCards","https://www.pinnacleblooms.org/verify/evidence/records/books.html","true","/verify/evidence/records/books.html","false","true","retained_evidence_link","Verify exact destination role/content/anchor in its source before edits; absence from sitemap alone is not a defect."
"/verify/evidence/records/sovereign-walkthrough.html","Developmental walkthrough","verifyFooterCards","https://www.pinnacleblooms.org/verify/evidence/records/sovereign-walkthrough.html","true","/verify/evidence/records/sovereign-walkthrough.html","false","true","retained_evidence_link","Verify exact destination role/content/anchor in its source before edits; absence from sitemap alone is not a defect."
"/verify/evidence/records/pinnacleai-story.html","PinnacleAI® purpose & evidence","verifyFooterCards","https://www.pinnacleblooms.org/verify/evidence/records/pinnacleai-story.html","true","/verify/evidence/records/pinnacleai-story.html","false","true","retained_evidence_link","Verify exact destination role/content/anchor in its source before edits; absence from sitemap alone is not a defect."
"/","Home","sharedShellDirectLinks","https://www.pinnacleblooms.org/","true","/","false","true","retained_legacy_destination; role_and_fragment_review_pending","Verify exact destination role/content/anchor in its source before edits; absence from sitemap alone is not a defect."
"/verify/","Verify evidence hub","sharedShellDirectLinks","https://www.pinnacleblooms.org/verify/","true","/verify/","false","true","retained_evidence_link","Verify exact destination role/content/anchor in its source before edits; absence from sitemap alone is not a defect."
"/verify/#organization","Organisation source identity","sharedShellDirectLinks","https://www.pinnacleblooms.org/verify/#organization","true","/verify/","true","true","retained_evidence_link","Verify exact destination role/content/anchor in its source before edits; absence from sitemap alone is not a defect."
"/verify/evidence/cite.html","Citations and downloads","sharedShellDirectLinks","https://www.pinnacleblooms.org/verify/evidence/cite.html","true","/verify/evidence/cite.html","false","true","retained_evidence_link","Verify exact destination role/content/anchor in its source before edits; absence from sitemap alone is not a defect."
"/verify/evidence/pinnacleai-regulatory-journey.html","PinnacleAI regulatory journey","sharedShellDirectLinks","https://www.pinnacleblooms.org/verify/evidence/pinnacleai-regulatory-journey.html","true","/verify/evidence/pinnacleai-regulatory-journey.html","false","true","retained_evidence_link","Verify exact destination role/content/anchor in its source before edits; absence from sitemap alone is not a defect."
"/national-autism-helpline","National Autism Helpline","sharedShellDirectLinks","https://www.pinnacleblooms.org/national-autism-helpline","true","/national-autism-helpline","false","true","retained_legacy_destination; role_and_fragment_review_pending","Verify exact destination role/content/anchor in its source before edits; absence from sitemap alone is not a defect."
"/centers","Find a centre","sharedShellDirectLinks","https://www.pinnacleblooms.org/centers","true","/centers","false","true","released_managed_page; fragment_not_rechecked_here","Preserve approved page; validate anchor only when affected by edits."
"/sitemap","Human sitemap","sharedShellDirectLinks","https://www.pinnacleblooms.org/sitemap","true","/sitemap","false","true","retained_legacy_destination; role_and_fragment_review_pending","Verify exact destination role/content/anchor in its source before edits; absence from sitemap alone is not a defect."
"tel:+919100181181","National phone","sharedShellDirectLinks","tel:+919100181181","false","","false","false","retained_contact_utility","Preserve useful official/contact/platform role; do not imply platform endorsement."
"https://wa.me/919100181181","WhatsApp","sharedShellDirectLinks","https://wa.me/919100181181","false","","false","false","retained_external_destination; identity_review_as_needed","Preserve useful official/contact/platform role; do not imply platform endorsement."
"mailto:care@pinnacleblooms.org","Care email","sharedShellDirectLinks","mailto:care@pinnacleblooms.org","false","","false","false","retained_contact_utility","Preserve useful official/contact/platform role; do not imply platform endorsement."
"https://www.bhclpl.org","Legal operator website","sharedShellDirectLinks","https://www.bhclpl.org/","false","","false","false","retained_external_destination; identity_review_as_needed","Preserve useful official/contact/platform role; do not imply platform endorsement."
"https://www.trustpilot.com/review/pinnacleblooms.org","Trustpilot review destination","sharedShellDirectLinks","https://www.trustpilot.com/review/pinnacleblooms.org","false","","false","false","retained_external_destination; identity_review_as_needed","Preserve useful official/contact/platform role; do not imply platform endorsement."
