"id","url","family","state","content_state","shell_state","priority","audience_job","next_condition","release_evidence"
"REF-01","https://www.pinnacleblooms.org/top-speech-therapy-center-india-proven-improvement-rate","services","PUBLISHED; PUBLIC_READBACK_PASSED","Managed, published reference","COMMON_V134A","0","Speech entry point and life-first care decision","Preserve; change only for a specific defect or new evidence.","deployment/navigation-public-v134a-20261001.json"
"REF-02","https://www.pinnacleblooms.org/enroll-autism-speech-aba-therapies-india","services","PUBLISHED; PUBLIC_READBACK_PASSED","Managed, published reference","COMMON_V134A","0","Human enrolment conversation and consented form","Keep call and centre choice; the FREE speech-assessment entry context is now preserved in v130; independently verify downstream accepted-lead state when an approved real/test response is available. Do not submit synthetic child data.","deployment/navigation-public-v134a-20261001.json"
"A-01","https://www.pinnacleblooms.org/best-occupational-therapy-center-india-proven-improvement-rate","services","PUBLISHED; PUBLIC_READBACK_PASSED","Managed, published v125 correction","COMMON_V134A","0","Daily participation through occupational therapy","Preserve accepted narrative; monitor actual search/call outcomes separately.","deployment/navigation-public-v134a-20261001.json"
"A-02","https://www.pinnacleblooms.org/best-aba-therapy-center-india-proven-improvement-rate","services","PUBLISHED; PUBLIC_READBACK_PASSED","Managed, published v126","COMMON_V134A","0","Respectful behavioural support","Preserve; review only factual service changes.","deployment/navigation-public-v134a-20261001.json"
"A-03","https://www.pinnacleblooms.org/best-special-education-center-call-9100181181","services","PUBLISHED; PUBLIC_READBACK_PASSED","Managed, published","COMMON_V134A","0","Learning access and school participation","Retain; verify current centre-specific delivery before adding local claims.","deployment/navigation-public-v134a-20261001.json"
"A-04","https://www.pinnacleblooms.org/autism-therapy","services","PUBLISHED; PUBLIC_READBACK_PASSED","Managed, published v127","COMMON_V134A","0","Child-specific integration of relevant therapies","Seven old menu targets, first-screen child-specific cue and closing self-link are corrected in v130; legacy competing autism-service URL requires separate content/backlink review.","deployment/navigation-public-v134a-20261001.json"
"A-05","https://www.pinnacleblooms.org/centers","services","PUBLISHED; PUBLIC_READBACK_PASSED","Managed, published v118; 62 listings","COMMON_V134A","0","National directory and centre selection","Reconcile branch phones, service availability, GBP identity, hours, ratings, registrations and matching media from current branch evidence. Do not infer a specialist roster.","deployment/navigation-public-v134a-20261001.json"
"A-06","https://www.pinnacleblooms.org/speech-aba-autism-assessments","services","PUBLISHED; PUBLIC_READBACK_PASSED","**v130 managed, published and checked**","COMMON_V134A","0","First assessment decision and non-diagnostic distinction","Preserve the released child-life narrative, original creative, assessment/diagnosis distinction and source package. Confirm specific professional/service/fee arrangements through current operational facts.","deployment/navigation-public-v134a-20261001.json"
"B-01","https://www.pinnacleblooms.org/pinnacleai","pinnacleai","PUBLISHED; PUBLIC_READBACK_PASSED","**v129 live, checked**","COMMON_V134A","0","Whole life-first system","Observe discovery and audience behaviour; preserve the full seven-stage explanation.","deployment/navigation-public-v134a-20261001.json"
"B-02","https://www.pinnacleblooms.org/abilityscore","pinnacleai","PUBLISHED; PUBLIC_READBACK_PASSED","**v129 live, checked**","COMMON_V134A","0","Observed ability → interpreted starting picture → useful goal","Reconcile any wider-site “proven universal” wording against the actual external-validation status before repeating it as evidence.","deployment/navigation-public-v134a-20261001.json"
"B-03","https://www.pinnacleblooms.org/seven-readiness-indexes","pinnacleai","PUBLISHED; PUBLIC_READBACK_PASSED","**v129 live, checked**","COMMON_V134A","0","Seven distinct planning views","Maintain the version-dependent scale note and `Study IQ` boundary.","deployment/navigation-public-v134a-20261001.json"
"B-04","https://www.pinnacleblooms.org/personal-development-kernel","pinnacleai","PUBLISHED; PUBLIC_READBACK_PASSED","**v129 live, checked**","COMMON_V134A","0","Child-specific continuity across settings","Keep consent and authorised-access wording current as workflows evolve.","deployment/navigation-public-v134a-20261001.json"
"B-05","https://www.pinnacleblooms.org/prognose","pinnacleai","PUBLISHED; PUBLIC_READBACK_PASSED","**v129 live, checked**","COMMON_V134A","0","Revisable planning forecast","Keep estimated next step distinct from observed results and external predictive validation.","deployment/navigation-public-v134a-20261001.json"
"B-06","https://www.pinnacleblooms.org/therapeuticai","pinnacleai","PUBLISHED; PUBLIC_READBACK_PASSED","**v129 live, checked**","COMMON_V134A","0","Professional activity choice for a child goal","Preserve human choice, guided use and feedback; no autonomous prescription claim.","deployment/navigation-public-v134a-20261001.json"
"B-07","https://www.pinnacleblooms.org/everyday-therapy","pinnacleai","PUBLISHED; PUBLIC_READBACK_PASSED","**v129 live, checked**","COMMON_V134A","0","Manageable family-guided daily practice","Preserve a manageable routine and therapist responsibility.","deployment/navigation-public-v134a-20261001.json"
"B-08","https://www.pinnacleblooms.org/fusion-module","pinnacleai","PUBLISHED; PUBLIC_READBACK_PASSED","**v129 live, checked**","COMMON_V134A","0","Relevant observations into human review","School input remains conditional on consent and current access workflow.","deployment/navigation-public-v134a-20261001.json"
"B-09","https://www.pinnacleblooms.org/reassess-review-repeat","pinnacleai","PUBLISHED; PUBLIC_READBACK_PASSED","**v129 live, checked**","COMMON_V134A","0","Longitudinal comparison and next decision","Keep setting/support comparison and individual outcome boundaries.","deployment/navigation-public-v134a-20261001.json"
"GUIDE-01","https://www.pinnacleblooms.org/speech-therapy/first-visit-guide","guides","PUBLISHED; PUBLIC_READBACK_PASSED","Managed, published guide","COMMON_V134A","0","Prepare a useful first visit","Preserve the practical checklist; update only for a verified visit-process change.","deployment/navigation-public-v134a-20261001.json"
"GUIDE-02","https://www.pinnacleblooms.org/speech-therapy/teacher-observation-guide","guides","PUBLISHED; PUBLIC_READBACK_PASSED","Managed, published guide","COMMON_V134A","0","Bring useful family/teacher observations","Preserve consent and useful everyday observations; add a print aid only for a real audience need.","deployment/navigation-public-v134a-20261001.json"
"GUIDE-03","https://www.pinnacleblooms.org/speech-therapy/service-information","guides","PUBLISHED; PUBLIC_READBACK_PASSED","Managed, published source guide","COMMON_V134A","0","Read service facts and scope","Keep offer, professional, appointment and regulatory scope aligned with visible service copy.","deployment/navigation-public-v134a-20261001.json"
"CENTRE-suchitra","https://www.pinnacleblooms.org/centers/best-autism-speech-aba-occupational-therapy-center-suchitra-hyderabad-telangana-india","centres","PUBLISHED; PUBLIC_READBACK_PASSED","**v131 live, checked**","COMMON_V134A","0","Locate this branch and arrange a useful first conversation","Preserve sourced identity/gallery and exact HFR status; confirm current professional, appointment, fees and accessibility through enquiry. Observe actual discovery/call outcomes.","deployment/navigation-public-v134a-20261001.json"
"CENTRE-dilsukhnagar","https://www.pinnacleblooms.org/centers/best-autism-speech-aba-occupational-therapy-center-dilsukhnagar-hyderabad-telangana-india","centres","PUBLISHED; PUBLIC_READBACK_PASSED","**v132 live, checked**","COMMON_V134A","0","Chaitanyapuri address, branch photos and useful family conversation","Preserve exact source and selected enquiry; current appointments/services/access and actual discovery/calls remain separate.","deployment/navigation-public-v134a-20261001.json"
"CENTRE-gurunanak","https://www.pinnacleblooms.org/centers/best-autism-speech-aba-occupational-therapy-center-gurunanak-road-vijayawada-ap-india","centres","PUBLISHED; PUBLIC_READBACK_PASSED","**v132 live, checked**","COMMON_V134A","0","Vijayawada arrival and life-first visit preparation","Coordinate directions are not matched GBP identity; no released exterior. Confirm second-floor access and appointments.","deployment/navigation-public-v134a-20261001.json"
"CENTRE-delhi","https://www.pinnacleblooms.org/centers/best-autism-speech-aba-occupational-therapy-center-south-extension-newdelhi-india","centres","PUBLISHED; PUBLIC_READBACK_PASSED","**v132 live, checked; current operation unverified**","COMMON_V134A","0","South Extension published location and enquiry","WorkbookINACTIVE and datedHFRApproved retained distinctly. Confirm current operation/appointments before travelling; frontage steps and coordinate directions retained.","deployment/navigation-public-v134a-20261001.json"
"CENTRE-ananthapuram","https://www.pinnacleblooms.org/centers/best-autism-speech-aba-occupational-therapy-center-anathapuram-ap-india","centres","PUBLISHED; PUBLIC_READBACK_PASSED","**v132 live, checked**","COMMON_V134A","0","Ashoknagar arrival and participation-led conversation","Preserve established canonical spelling; exact local enquiry and source trail. CCTV photograph excluded; current appointments/access confirmed separately.","deployment/navigation-public-v134a-20261001.json"
"CENTRE-nandyala","https://www.pinnacleblooms.org/centers/best-autism-speech-aba-occupational-therapy-center-nandyala-ap-india","centres","PUBLISHED; PUBLIC_READBACK_PASSED","**v134 live, checked**","COMMON_V134A","0","Second-floor arrival and getting-ready family example","Preserve exact sources, matched premises, original poster and selected enquiry; current appointments/professionals/fees/access and actual discovery/calls remain separate.","deployment/navigation-public-v134a-20261001.json"
"CENTRE-ongole","https://www.pinnacleblooms.org/centers/best-autism-speech-aba-occupational-therapy-center-ongole-ap-india","centres","PUBLISHED; PUBLIC_READBACK_PASSED","**v134 live, checked**","COMMON_V134A","0","Sundaraiah Bhavan Road arrival and family-table communication/choice","Preserve dated HFR and source scope; family-table example is not a feeding/swallowing-service claim. Confirm current visit arrangements.","deployment/navigation-public-v134a-20261001.json"
"CENTRE-tirupati","https://www.pinnacleblooms.org/centers/best-autism-speech-aba-occupational-therapy-center-tirupati-ap-india","centres","PUBLISHED; PUBLIC_READBACK_PASSED","**v134 live, checked**","COMMON_V134A","0","Air Bypass Road arrival and shared picture-book participation","Preserve eligible interior and textual arrival; no released entrance image. Google-watermarked exterior stays excluded; confirm current appointments/access.","deployment/navigation-public-v134a-20261001.json"
"CENTRE-srikakulam","https://www.pinnacleblooms.org/centers/best-autism-speech-aba-occupational-therapy-center-srikakulam-ap-india","centres","PUBLISHED; PUBLIC_READBACK_PASSED","**v134 live, checked**","COMMON_V134A","0","Sana Street arrival and drawing-to-shared-learning example","Preserve HFR certificate pages 79–80 and matched premises; clinical real-child photo remains excluded without matched consent. Confirm appointments/access.","deployment/navigation-public-v134a-20261001.json"
"CENTRE-jayanagar","https://www.pinnacleblooms.org/centers/best-autism-speech-aba-occupational-therapy-center-jayanagar-bengaluru-india","centres","QUEUED_FOR_BRANCH_REVIEW","PUBLISHED_DIRECTORY_ENTRY; LOCAL_REBUILD_NOT_STARTED","retained origin; migrate on individual page release","3","Find Jaya Nagar; confirm the current branch and useful first conversation","Verify current branch identity, direct phone, GBP status, hours, available services/professionals, registrations and matched media; inspect active source/route ownership before edit.",""
"CENTRE-annanagar","https://www.pinnacleblooms.org/centers/best-autism-speech-aba-occupational-therapy-center-anna-nagar-chennai-tamilnadu-india","centres","QUEUED_FOR_BRANCH_REVIEW","PUBLISHED_DIRECTORY_ENTRY; LOCAL_REBUILD_NOT_STARTED","retained origin; migrate on individual page release","3","Find Anna Nagar, Chennai; confirm the current branch and useful first conversation","Verify current branch identity, direct phone, GBP status, hours, available services/professionals, registrations and matched media; inspect active source/route ownership before edit.",""
"CENTRE-warangal","https://www.pinnacleblooms.org/centers/best-autism-speech-aba-occupational-therapy-center-warangal-ts-india","centres","EXISTING_POSTCODE_CONDITION","EXISTING_POSTCODE_CONDITION","retained origin; migrate on individual page release","3","Find Warangal; confirm the current branch and useful first conversation","Reconcile directory postcode506001 vs HFR/schema506002 before a definitive address/schema claim; other preparation may continue. Retain exact directory/HFR postcode conflict in original continuation row; do not overwrite it with an inferred code. Source: reviews/CENTRE-SOURCE-CONDITIONS-20261001.json.","reviews/CENTRE-SOURCE-CONDITIONS-20261001.json"
"CENTRE-asraonagar","https://www.pinnacleblooms.org/centers/best-autism-speech-aba-occupational-therapy-center-asraonagar-hyderabad-telangana-india","centres","QUEUED_FOR_BRANCH_REVIEW","PUBLISHED_DIRECTORY_ENTRY; LOCAL_REBUILD_NOT_STARTED","retained origin; migrate on individual page release","3","Find AS Rao Nagar; confirm the current branch and useful first conversation","Verify current branch identity, direct phone, GBP status, hours, available services/professionals, registrations and matched media; inspect active source/route ownership before edit.",""
"CENTRE-attapur","https://www.pinnacleblooms.org/centers/best-autism-speech-aba-occupational-therapy-center-attapur-hyderabad-telangana-india","centres","SOURCE_PREPARED; NOT_BUILT","SOURCE_PREPARED; NOT_BUILT","retained origin; migrate on individual page release","1","Find Attapur; confirm the current branch and useful first conversation","Implement distinct family/arrival narrative, complete original poster and eligible media. HFR IN3610023458: Submitted on 2026-09-19 (Workbook-listed). Exact contract: reviews/NEXT-CENTRE-BATCH-SOURCES-V135-20261001.json. attapur-exterior-17.jpg: repeated copyright2026 Google marks; attapur-interior-46-0.jpg: bytes identical to Himayat interior36-1; branch attribution unresolved","reviews/NEXT-CENTRE-BATCH-SOURCES-V135-20261001.json"
"CENTRE-bnreddynagar","https://www.pinnacleblooms.org/centers/best-autism-speech-aba-occupational-therapy-center-bn-reddy-nagar-hyderabad-telangana-india","centres","QUEUED_FOR_BRANCH_REVIEW","PUBLISHED_DIRECTORY_ENTRY; LOCAL_REBUILD_NOT_STARTED","retained origin; migrate on individual page release","3","Find BN Reddy Nagar; confirm the current branch and useful first conversation","Verify current branch identity, direct phone, GBP status, hours, available services/professionals, registrations and matched media; inspect active source/route ownership before edit.",""
"CENTRE-begumpet","https://www.pinnacleblooms.org/centers/best-autism-speech-aba-occupational-therapy-center-begumpet-hyderabad-telangana-india","centres","QUEUED_FOR_BRANCH_REVIEW","PUBLISHED_DIRECTORY_ENTRY; LOCAL_REBUILD_NOT_STARTED","retained origin; migrate on individual page release","3","Find Begumpet; confirm the current branch and useful first conversation","Verify current branch identity, direct phone, GBP status, hours, available services/professionals, registrations and matched media; inspect active source/route ownership before edit.",""
"CENTRE-bhimavaram","https://www.pinnacleblooms.org/centers/best-autism-speech-aba-occupational-therapy-center-bhimavaram-ap-india","centres","POSTCODE_FIELD_RECONCILIATION; ELIGIBLE_WORK_CAN_CONTINUE","POSTCODE_FIELD_RECONCILIATION; ELIGIBLE_WORK_CAN_CONTINUE","retained origin; migrate on individual page release","3","Find Bhimavaram; confirm the current branch and useful first conversation","Verify current branch identity, direct phone, GBP status, hours, available services/professionals, registrations and matched media; inspect active source/route ownership before edit. Address postcode text 534202 differs from separate HFR postcode field 534201 (IN2810039042). Preserve printed sources; choose documented display/schema postcode or omit postalCode pending reconciliation. Street/city/phone/enquiry content can proceed. Do not infer full postcode from a truncated suffix. Source: reviews/CENTRE-SOURCE-CONDITIONS-20261001.json.","reviews/CENTRE-SOURCE-CONDITIONS-20261001.json"
"CENTRE-chandanagar","https://www.pinnacleblooms.org/centers/best-autism-speech-aba-occupational-therapy-center-chanda-nagar-hyderabad-telangana-india","centres","QUEUED_FOR_BRANCH_REVIEW","PUBLISHED_DIRECTORY_ENTRY; LOCAL_REBUILD_NOT_STARTED","retained origin; migrate on individual page release","3","Find Chanda Nagar; confirm the current branch and useful first conversation","Verify current branch identity, direct phone, GBP status, hours, available services/professionals, registrations and matched media; inspect active source/route ownership before edit.",""
"CENTRE-eastmarredpally","https://www.pinnacleblooms.org/centers/best-autism-speech-aba-occupational-therapy-center-paradise-hyderabad-telangana-india","centres","QUEUED_FOR_BRANCH_REVIEW","PUBLISHED_DIRECTORY_ENTRY; LOCAL_REBUILD_NOT_STARTED","retained origin; migrate on individual page release","3","Find East Marredpally; confirm the current branch and useful first conversation","Verify current branch identity, direct phone, GBP status, hours, available services/professionals, registrations and matched media; inspect active source/route ownership before edit.",""
"CENTRE-eluru","https://www.pinnacleblooms.org/centers/best-autism-speech-aba-occupational-therapy-center-eluru-ap-india","centres","POSTCODE_FIELD_RECONCILIATION; ELIGIBLE_WORK_CAN_CONTINUE","POSTCODE_FIELD_RECONCILIATION; ELIGIBLE_WORK_CAN_CONTINUE","retained origin; migrate on individual page release","3","Find Eluru; confirm the current branch and useful first conversation","Verify current branch identity, direct phone, GBP status, hours, available services/professionals, registrations and matched media; inspect active source/route ownership before edit. Address postcode text 534002 differs from separate HFR postcode field 534001 (IN2810051629). Preserve printed sources; choose documented display/schema postcode or omit postalCode pending reconciliation. Street/city/phone/enquiry content can proceed. Do not infer full postcode from a truncated suffix. Source: reviews/CENTRE-SOURCE-CONDITIONS-20261001.json.","reviews/CENTRE-SOURCE-CONDITIONS-20261001.json"
"CENTRE-gachibowli","https://www.pinnacleblooms.org/centers/best-autism-speech-aba-occupational-therapy-center-gachibowli-hyderabad-telangana-india","centres","ADDRESS_RELATIONSHIP_REVIEW; ELIGIBLE_WORK_CAN_CONTINUE","ADDRESS_RELATIONSHIP_REVIEW; ELIGIBLE_WORK_CAN_CONTINUE","retained origin; migrate on individual page release","3","Find Gachibowli; confirm the current branch and useful first conversation","Verify current branch identity, direct phone, GBP status, hours, available services/professionals, registrations and matched media; inspect active source/route ownership before edit. Directory Grace Tower/Gachibowli Stadium Road500032 differs from HFRIN3610023016 Botanical Gardens/Chirec Lane/Kondapur500084. Use published branch address/enquiry20711116107; do not use HFR as proof for current Grace Tower premises until relationship reconciled. Source: reviews/CENTRE-SOURCE-CONDITIONS-20261001.json.","reviews/CENTRE-SOURCE-CONDITIONS-20261001.json"
"CENTRE-gajuwaka","https://www.pinnacleblooms.org/centers/best-autism-speech-aba-occupational-therapy-center-gajuwaka-vizag-ap-india","centres","ENQUIRY_MAPPING_REVIEW; CALL_ONLY_OPTION","ENQUIRY_MAPPING_REVIEW; CALL_ONLY_OPTION","retained origin; migrate on individual page release","3","Find Gajuwaka @ Vizag; confirm the current branch and useful first conversation","Verify current branch identity, direct phone, GBP status, hours, available services/professionals, registrations and matched media; inspect active source/route ownership before edit. No mapped internal FacilityId. Use explicit call-only/general-enquiry treatment or verify a routing value; never invent a branch ID. Source: reviews/CENTRE-SOURCE-CONDITIONS-20261001.json.","reviews/CENTRE-SOURCE-CONDITIONS-20261001.json"
"CENTRE-guntur","https://www.pinnacleblooms.org/centers/best-autism-speech-aba-occupational-therapy-center-lakshmipuram-guntur-ap-india","centres","POSTCODE_FIELD_RECONCILIATION; ELIGIBLE_WORK_CAN_CONTINUE","POSTCODE_FIELD_RECONCILIATION; ELIGIBLE_WORK_CAN_CONTINUE","retained origin; migrate on individual page release","3","Find Guntur; confirm the current branch and useful first conversation","Verify current branch identity, direct phone, GBP status, hours, available services/professionals, registrations and matched media; inspect active source/route ownership before edit. Address postcode text 522007 differs from separate HFR postcode field 522001 (IN2810039036). Preserve printed sources; choose documented display/schema postcode or omit postalCode pending reconciliation. Street/city/phone/enquiry content can proceed. Do not infer full postcode from a truncated suffix. Source: reviews/CENTRE-SOURCE-CONDITIONS-20261001.json.","reviews/CENTRE-SOURCE-CONDITIONS-20261001.json"
"CENTRE-habsiguda","https://www.pinnacleblooms.org/centers/best-autism-speech-aba-occupational-therapy-center-habsiguda-hyderabad-telangana-india","centres","QUEUED_FOR_BRANCH_REVIEW","PUBLISHED_DIRECTORY_ENTRY; LOCAL_REBUILD_NOT_STARTED","retained origin; migrate on individual page release","3","Find Habsiguda; confirm the current branch and useful first conversation","Verify current branch identity, direct phone, GBP status, hours, available services/professionals, registrations and matched media; inspect active source/route ownership before edit.",""
"CENTRE-hayathnagar","https://www.pinnacleblooms.org/centers/best-autism-speech-aba-occupational-therapy-center-hayathnagar-hyderabad-telangana-india","centres","QUEUED_FOR_BRANCH_REVIEW","PUBLISHED_DIRECTORY_ENTRY; LOCAL_REBUILD_NOT_STARTED","retained origin; migrate on individual page release","3","Find Hayathnagar; confirm the current branch and useful first conversation","Verify current branch identity, direct phone, GBP status, hours, available services/professionals, registrations and matched media; inspect active source/route ownership before edit.",""
"CENTRE-himayatnagar","https://www.pinnacleblooms.org/centers/best-autism-speech-aba-occupational-therapy-center-himayatnagar-hyderabad-telangana-india","centres","SOURCE_PREPARED; NOT_BUILT","SOURCE_PREPARED; NOT_BUILT","retained origin; migrate on individual page release","1","Find Himayat Nagar; confirm the current branch and useful first conversation","Implement distinct family/arrival narrative, complete original poster and eligible media. HFR IN3610023005: Query Raised on 2026-09-19 (Workbook-listed). Exact contract: reviews/NEXT-CENTRE-BATCH-SOURCES-V135-20261001.json. himayatnagar-interior-36-1.jpg: bytes identical to Attapur46-0; branch attribution unresolved; himayatnagar-interior-36-2.jpg: identifiable child in clinical scene, no matched consent","reviews/NEXT-CENTRE-BATCH-SOURCES-V135-20261001.json"
"CENTRE-madhapur","https://www.pinnacleblooms.org/centers/best-autism-speech-aba-occupational-therapy-center-madhapur-hyderabad-telangana-india","centres","QUEUED_FOR_BRANCH_REVIEW","PUBLISHED_DIRECTORY_ENTRY; LOCAL_REBUILD_NOT_STARTED","retained origin; migrate on individual page release","3","Find HitechCity, Madhapur; confirm the current branch and useful first conversation","Verify current branch identity, direct phone, GBP status, hours, available services/professionals, registrations and matched media; inspect active source/route ownership before edit.",""
"CENTRE-hydernagar","https://www.pinnacleblooms.org/centers/best-autism-speech-aba-occupational-therapy-center-hydernagar-hyderabad-telangana-india","centres","QUEUED_FOR_BRANCH_REVIEW","PUBLISHED_DIRECTORY_ENTRY; LOCAL_REBUILD_NOT_STARTED","retained origin; migrate on individual page release","3","Find HyderNagar; confirm the current branch and useful first conversation","Verify current branch identity, direct phone, GBP status, hours, available services/professionals, registrations and matched media; inspect active source/route ownership before edit.",""
"CENTRE-indiranagar","https://www.pinnacleblooms.org/centers/best-autism-speech-aba-occupational-therapy-center-indiranagar-bengaluru-india","centres","QUEUED_FOR_BRANCH_REVIEW","PUBLISHED_DIRECTORY_ENTRY; LOCAL_REBUILD_NOT_STARTED","retained origin; migrate on individual page release","3","Find Indira Nagar; confirm the current branch and useful first conversation","Verify current branch identity, direct phone, GBP status, hours, available services/professionals, registrations and matched media; inspect active source/route ownership before edit.",""
"CENTRE-jagadamba","https://www.pinnacleblooms.org/centers/best-autism-speech-aba-occupational-therapy-center-jagadamba-vizag-ap-india","centres","EXISTING_POSTCODE_CONDITION","EXISTING_POSTCODE_CONDITION","retained origin; migrate on individual page release","3","Find Jagadamba, Visakhapatnam; confirm the current branch and useful first conversation","Reconcile source postcode530020 vs HFR/schema530002 and stable named Google identity; other preparation may continue. Retain exact directory/HFR postcode conflict in original continuation row; do not overwrite it with an inferred code. Source: reviews/CENTRE-SOURCE-CONDITIONS-20261001.json.","reviews/CENTRE-SOURCE-CONDITIONS-20261001.json"
"CENTRE-jublieehills","https://www.pinnacleblooms.org/contact-national-autism-helpline-24-7#Jubliee%20Hills","centres","SECTION_ONLY_DESTINATION_DECISION","PUBLISHED_DIRECTORY_ENTRY; LOCAL_REBUILD_NOT_STARTED","retained origin; migrate on individual page release","2","Find Jubilee Hills; confirm the current branch and useful first conversation","Verify current branch identity, direct phone, GBP status, hours, available services/professionals, registrations and matched media; inspect active source/route ownership before edit.",""
"CENTRE-kachiguda","https://www.pinnacleblooms.org/centers/best-autism-speech-aba-occupational-therapy-center-kachiguda-hyderabad-telangana-india","centres","QUEUED_FOR_BRANCH_REVIEW","PUBLISHED_DIRECTORY_ENTRY; LOCAL_REBUILD_NOT_STARTED","retained origin; migrate on individual page release","3","Find Kachiguda; confirm the current branch and useful first conversation","Verify current branch identity, direct phone, GBP status, hours, available services/professionals, registrations and matched media; inspect active source/route ownership before edit.",""
"CENTRE-kadapa","https://www.pinnacleblooms.org/centers/best-autism-speech-aba-occupational-therapy-center-kadapa-ap-india","centres","SOURCE_CONTRACT_AVAILABLE; ILLUSTRATION_LED_OPTION","SOURCE_CONTRACT_AVAILABLE; ILLUSTRATION_LED_OPTION","retained origin; migrate on individual page release","3","Find Kadapa; confirm the current branch and useful first conversation","Verify current branch identity, direct phone, GBP status, hours, available services/professionals, registrations and matched media; inspect active source/route ownership before edit. Original illustration and emblem can support release now; omit premises gallery/entrance-photo claims. Exclude Google-watermarked kadapa-exterior-43.jpg. Published Apsara Circle/NGO Colony address516002, enquiry9353254802 and dated HFRIN2810065144 Approved19Sep/certificate10May/p70 remain usable. Source: reviews/CENTRE-SOURCE-CONDITIONS-20261001.json.","reviews/CENTRE-SOURCE-CONDITIONS-20261001.json"
"CENTRE-kakinada","https://www.pinnacleblooms.org/centers/best-autism-speech-aba-occupational-therapy-center-kakinada-ap-india","centres","SOURCE_PREPARED; NOT_BUILT","SOURCE_PREPARED; NOT_BUILT","retained origin; migrate on individual page release","1","Find Kakinada; confirm the current branch and useful first conversation","Implement distinct family/arrival narrative, complete original poster and eligible media. HFR IN2810053820: Approved on 2026-09-19 (Workbook plus certificate copy). Exact contract: reviews/NEXT-CENTRE-BATCH-SOURCES-V135-20261001.json. ","reviews/NEXT-CENTRE-BATCH-SOURCES-V135-20261001.json"
"CENTRE-karimnagar","https://www.pinnacleblooms.org/centers/best-autism-speech-aba-occupational-therapy-center-karimnagar-telangana-india","centres","SOURCE_PREPARED; NOT_BUILT","SOURCE_PREPARED; NOT_BUILT","retained origin; migrate on individual page release","1","Find Karimnagar; confirm the current branch and useful first conversation","Implement distinct family/arrival narrative, complete original poster and eligible media. HFR IN3610023681: Query Raised on 2026-09-19 (Workbook-listed). Exact contract: reviews/NEXT-CENTRE-BATCH-SOURCES-V135-20261001.json. interior30-1 person at far end: do not identify as professional/patient or infer credentials/outcome; interior30-0/30-2: weak views omitted","reviews/NEXT-CENTRE-BATCH-SOURCES-V135-20261001.json"
"CENTRE-khajaguda","https://www.pinnacleblooms.org/centers/best-autism-speech-aba-occupational-therapy-center-khajaguda-mehdipatnam-hyderabad-telangana-india","centres","QUEUED_FOR_BRANCH_REVIEW","PUBLISHED_DIRECTORY_ENTRY; LOCAL_REBUILD_NOT_STARTED","retained origin; migrate on individual page release","3","Find Khajaguda, Mehdipatnam; confirm the current branch and useful first conversation","Verify current branch identity, direct phone, GBP status, hours, available services/professionals, registrations and matched media; inspect active source/route ownership before edit.",""
"CENTRE-khammam","https://www.pinnacleblooms.org/centers/best-autism-speech-aba-occupational-therapy-center-khammam-telangana-india","centres","QUEUED_FOR_BRANCH_REVIEW","PUBLISHED_DIRECTORY_ENTRY; LOCAL_REBUILD_NOT_STARTED","retained origin; migrate on individual page release","3","Find Khammam; confirm the current branch and useful first conversation","Verify current branch identity, direct phone, GBP status, hours, available services/professionals, registrations and matched media; inspect active source/route ownership before edit.",""
"CENTRE-kondapur","https://www.pinnacleblooms.org/centers/best-autism-speech-aba-occupational-therapy-center-kondapur-hyderabad-telangana-india","centres","QUEUED_FOR_BRANCH_REVIEW","PUBLISHED_DIRECTORY_ENTRY; LOCAL_REBUILD_NOT_STARTED","retained origin; migrate on individual page release","3","Find Kondapur; confirm the current branch and useful first conversation","Verify current branch identity, direct phone, GBP status, hours, available services/professionals, registrations and matched media; inspect active source/route ownership before edit.",""
"CENTRE-kukatpally","https://www.pinnacleblooms.org/centers/best-autism-speech-aba-occupational-therapy-center-kukatpally-hyderabad-telangana-india","centres","QUEUED_FOR_BRANCH_REVIEW","PUBLISHED_DIRECTORY_ENTRY; LOCAL_REBUILD_NOT_STARTED","retained origin; migrate on individual page release","3","Find Kukatpally, Vivekananda Nagar; confirm the current branch and useful first conversation","Verify current branch identity, direct phone, GBP status, hours, available services/professionals, registrations and matched media; inspect active source/route ownership before edit.",""
"CENTRE-kurnool","https://www.pinnacleblooms.org/centers/best-autism-speech-aba-occupational-therapy-center-kurnool-ap-india","centres","EXISTING_ADDRESS_SIGNAGE_CONDITION","EXISTING_ADDRESS_SIGNAGE_CONDITION","retained origin; migrate on individual page release","3","Find Kurnool; confirm the current branch and useful first conversation","Reconcile Park Square Apartment exterior signage with published Sri Sai Estates address before using arrival photograph. Other preparation may continue; see branch source brief. Retain existing Kurnool address/exterior-signage reconciliation in the continuation queue; exclude conflicting image until premises relationship is established. Source: reviews/CENTRE-SOURCE-CONDITIONS-20261001.json.","reviews/CENTRE-SOURCE-CONDITIONS-20261001.json"
"CENTRE-lbnagar","https://www.pinnacleblooms.org/centers/best-autism-speech-aba-occupational-therapy-center-lbnagar-hyderabad-telangana-india","centres","QUEUED_FOR_BRANCH_REVIEW","PUBLISHED_DIRECTORY_ENTRY; LOCAL_REBUILD_NOT_STARTED","retained origin; migrate on individual page release","3","Find LB Nagar; confirm the current branch and useful first conversation","Verify current branch identity, direct phone, GBP status, hours, available services/professionals, registrations and matched media; inspect active source/route ownership before edit.",""
"CENTRE-labbipet","https://www.pinnacleblooms.org/centers/best-autism-speech-aba-occupational-therapy-center-labbipet-vijayawada-ap-india","centres","POSTCODE_FIELD_RECONCILIATION; ELIGIBLE_WORK_CAN_CONTINUE","POSTCODE_FIELD_RECONCILIATION; ELIGIBLE_WORK_CAN_CONTINUE","retained origin; migrate on individual page release","3","Find Labbipet; confirm the current branch and useful first conversation","Verify current branch identity, direct phone, GBP status, hours, available services/professionals, registrations and matched media; inspect active source/route ownership before edit. Address postcode text 520007 differs from separate HFR postcode field 520010 (IN2810050768). Preserve printed sources; choose documented display/schema postcode or omit postalCode pending reconciliation. Street/city/phone/enquiry content can proceed. Do not infer full postcode from a truncated suffix. Source: reviews/CENTRE-SOURCE-CONDITIONS-20261001.json.","reviews/CENTRE-SOURCE-CONDITIONS-20261001.json"
"CENTRE-mvp","https://www.pinnacleblooms.org/centers/best-autism-speech-aba-occupational-therapy-center-mvp-vizag-ap-india","centres","QUEUED_FOR_BRANCH_REVIEW","PUBLISHED_DIRECTORY_ENTRY; LOCAL_REBUILD_NOT_STARTED","retained origin; migrate on individual page release","3","Find MVP, Vizag; confirm the current branch and useful first conversation","Verify current branch identity, direct phone, GBP status, hours, available services/professionals, registrations and matched media; inspect active source/route ownership before edit.",""
"CENTRE-madhurawada","https://www.pinnacleblooms.org/centers/best-autism-speech-aba-occupational-therapy-center-madhurawada-ap-india","centres","QUEUED_FOR_BRANCH_REVIEW","PUBLISHED_DIRECTORY_ENTRY; LOCAL_REBUILD_NOT_STARTED","retained origin; migrate on individual page release","3","Find Madhurawada; confirm the current branch and useful first conversation","Verify current branch identity, direct phone, GBP status, hours, available services/professionals, registrations and matched media; inspect active source/route ownership before edit.",""
"CENTRE-mahbubnagar","https://www.pinnacleblooms.org/centers/best-autism-speech-aba-occupational-therapy-center-mahbubnagar-telangana-india","centres","QUEUED_FOR_BRANCH_REVIEW","PUBLISHED_DIRECTORY_ENTRY; LOCAL_REBUILD_NOT_STARTED","retained origin; migrate on individual page release","3","Find Mahbubnagar; confirm the current branch and useful first conversation","Verify current branch identity, direct phone, GBP status, hours, available services/professionals, registrations and matched media; inspect active source/route ownership before edit.",""
"CENTRE-marathahalli","https://www.pinnacleblooms.org/centers/best-autism-speech-aba-occupational-therapy-center-marathalli-bengaluru-india","centres","QUEUED_FOR_BRANCH_REVIEW","PUBLISHED_DIRECTORY_ENTRY; LOCAL_REBUILD_NOT_STARTED","retained origin; migrate on individual page release","3","Find Marathahalli; confirm the current branch and useful first conversation","Verify current branch identity, direct phone, GBP status, hours, available services/professionals, registrations and matched media; inspect active source/route ownership before edit.",""
"CENTRE-miryalaguda","https://www.pinnacleblooms.org/centers/best-autism-speech-aba-occupational-therapy-center-miryalaguda-ts-india","centres","SOURCE_PREPARED; NOT_BUILT","SOURCE_PREPARED; NOT_BUILT","retained origin; migrate on individual page release","1","Find Miryalaguda; confirm the current branch and useful first conversation","Implement distinct family/arrival narrative, complete original poster and eligible media. HFR IN3610023024: Approved on 2026-09-19 (Workbook plus certificate copy). Exact contract: reviews/NEXT-CENTRE-BATCH-SOURCES-V135-20261001.json. miryalaguda-interior-20-0.jpg: historical 9.4M and unqualified improvement wall text; miryalaguda-interior-20-2.jpg: people in room; not needed for premises presentation","reviews/NEXT-CENTRE-BATCH-SOURCES-V135-20261001.json"
"CENTRE-nad","https://www.pinnacleblooms.org/centers/best-autism-speech-aba-occupational-therapy-center-nad-vizag-ap-india","centres","POSTCODE_FIELD_RECONCILIATION; ELIGIBLE_WORK_CAN_CONTINUE","POSTCODE_FIELD_RECONCILIATION; ELIGIBLE_WORK_CAN_CONTINUE","retained origin; migrate on individual page release","3","Find NAD, Vizag; confirm the current branch and useful first conversation","Verify current branch identity, direct phone, GBP status, hours, available services/professionals, registrations and matched media; inspect active source/route ownership before edit. Address postcode text 027 (truncated suffix) differs from separate HFR postcode field 530009 (IN2810039038). Preserve printed sources; choose documented display/schema postcode or omit postalCode pending reconciliation. Street/city/phone/enquiry content can proceed. Do not infer full postcode from a truncated suffix. Source: reviews/CENTRE-SOURCE-CONDITIONS-20261001.json.","reviews/CENTRE-SOURCE-CONDITIONS-20261001.json"
"CENTRE-nallagandla","https://www.pinnacleblooms.org/centers/best-autism-speech-aba-occupational-therapy-center-nallagandla-hyderabad-telangana-india","centres","SOURCE_PREPARED; NOT_BUILT","SOURCE_PREPARED; NOT_BUILT","retained origin; migrate on individual page release","1","Find Nallagandla; confirm the current branch and useful first conversation","Implement distinct family/arrival narrative, complete original poster and eligible media. HFR IN3610023017: Approved on 2026-09-19 (Workbook plus certificate copy). Exact contract: reviews/NEXT-CENTRE-BATCH-SOURCES-V135-20261001.json. nallagandla-exterior-35.jpg: viewer/navigation controls; clarify provenance; interior18-1 small loose-paper area: no readable identity observed; do not crop/enlarge","reviews/NEXT-CENTRE-BATCH-SOURCES-V135-20261001.json"
"CENTRE-nellore","https://www.pinnacleblooms.org/centers/best-autism-speech-aba-occupational-therapy-center-nellore-ap-india","centres","SOURCE_PREPARED; NOT_BUILT","SOURCE_PREPARED; NOT_BUILT","retained origin; migrate on individual page release","1","Find Nellore; confirm the current branch and useful first conversation","Implement distinct family/arrival narrative, complete original poster and eligible media. HFR IN2810051616: Approved on 2026-09-19 (Workbook plus certificate copy). Exact contract: reviews/NEXT-CENTRE-BATCH-SOURCES-V135-20261001.json. No approved interior in directory contract","reviews/NEXT-CENTRE-BATCH-SOURCES-V135-20261001.json"
"CENTRE-nizamabad","https://www.pinnacleblooms.org/centers/best-autism-speech-aba-occupational-therapy-center-nizamabad-telangana-india","centres","QUEUED_FOR_BRANCH_REVIEW","PUBLISHED_DIRECTORY_ENTRY; LOCAL_REBUILD_NOT_STARTED","retained origin; migrate on individual page release","3","Find Nizamabad; confirm the current branch and useful first conversation","Verify current branch identity, direct phone, GBP status, hours, available services/professionals, registrations and matched media; inspect active source/route ownership before edit.",""
"CENTRE-nizampet","https://www.pinnacleblooms.org/centers/best-autism-speech-aba-occupational-therapy-center-jntu-hyderabad-telangana-india","centres","QUEUED_FOR_BRANCH_REVIEW","PUBLISHED_DIRECTORY_ENTRY; LOCAL_REBUILD_NOT_STARTED","retained origin; migrate on individual page release","3","Find Nizampet; confirm the current branch and useful first conversation","Verify current branch identity, direct phone, GBP status, hours, available services/professionals, registrations and matched media; inspect active source/route ownership before edit.",""
"CENTRE-pragathinagar","https://www.pinnacleblooms.org/centers/best-autism-speech-aba-occupational-therapy-center-pragathi-nagar-hyderabad-telangana-india","centres","QUEUED_FOR_BRANCH_REVIEW","PUBLISHED_DIRECTORY_ENTRY; LOCAL_REBUILD_NOT_STARTED","retained origin; migrate on individual page release","3","Find Pragathi Nagar; confirm the current branch and useful first conversation","Verify current branch identity, direct phone, GBP status, hours, available services/professionals, registrations and matched media; inspect active source/route ownership before edit.",""
"CENTRE-rajahmundry","https://www.pinnacleblooms.org/centers/best-autism-speech-aba-occupational-therapy-center-rajahmundry-ap-india","centres","POSTCODE_FIELD_RECONCILIATION; ELIGIBLE_WORK_CAN_CONTINUE","POSTCODE_FIELD_RECONCILIATION; ELIGIBLE_WORK_CAN_CONTINUE","retained origin; migrate on individual page release","3","Find Rajahmundry; confirm the current branch and useful first conversation","Verify current branch identity, direct phone, GBP status, hours, available services/professionals, registrations and matched media; inspect active source/route ownership before edit. Address postcode text 103 (truncated suffix) differs from separate HFR postcode field 533101 (IN2810051854). Preserve printed sources; choose documented display/schema postcode or omit postalCode pending reconciliation. Street/city/phone/enquiry content can proceed. Do not infer full postcode from a truncated suffix. Source: reviews/CENTRE-SOURCE-CONDITIONS-20261001.json.","reviews/CENTRE-SOURCE-CONDITIONS-20261001.json"
"CENTRE-srnagar","https://www.pinnacleblooms.org/centers/best-autism-speech-aba-occupational-therapy-center-srnagar-hyderabad-telangana-india","centres","QUEUED_FOR_BRANCH_REVIEW","PUBLISHED_DIRECTORY_ENTRY; LOCAL_REBUILD_NOT_STARTED","retained origin; migrate on individual page release","3","Find SR Nagar; confirm the current branch and useful first conversation","Verify current branch identity, direct phone, GBP status, hours, available services/professionals, registrations and matched media; inspect active source/route ownership before edit.",""
"CENTRE-santoshnagar","https://www.pinnacleblooms.org/centers/best-autism-speech-aba-occupational-therapy-center-santosh-nagar-hyderabad-telangana-india","centres","SOURCE_PREPARED; NOT_BUILT","SOURCE_PREPARED; NOT_BUILT","retained origin; migrate on individual page release","1","Find Santosh Nagar; confirm the current branch and useful first conversation","Implement distinct family/arrival narrative, complete original poster and eligible media. HFR IN3610023021: Query Resolved on 2026-09-19 (Workbook-listed). Exact contract: reviews/NEXT-CENTRE-BATCH-SOURCES-V135-20261001.json. interior10-0/10-2: weak views omitted","reviews/NEXT-CENTRE-BATCH-SOURCES-V135-20261001.json"
"CENTRE-suchitraii","https://www.pinnacleblooms.org/centers/best-autism-speech-aba-occupational-therapy-center-suchitra2-hyderabad-telangana-india","centres","QUEUED_FOR_BRANCH_REVIEW","PUBLISHED_DIRECTORY_ENTRY; LOCAL_REBUILD_NOT_STARTED","retained origin; migrate on individual page release","3","Find Suchitra II; confirm the current branch and useful first conversation","Verify current branch identity, direct phone, GBP status, hours, available services/professionals, registrations and matched media; inspect active source/route ownership before edit.",""
"CENTRE-usa","https://www.pinnacleblooms.org/contact-national-autism-helpline-24-7#USA","centres","SECTION_ONLY_DESTINATION_DECISION","PUBLISHED_DIRECTORY_ENTRY; LOCAL_REBUILD_NOT_STARTED","retained origin; migrate on individual page release","2","Find USA; confirm the current branch and useful first conversation","Verify current branch identity, direct phone, GBP status, hours, available services/professionals, registrations and matched media; inspect active source/route ownership before edit.",""
"CENTRE-uppal","https://www.pinnacleblooms.org/centers/best-autism-speech-aba-occupational-therapy-center-uppal-hyderabad-telangana-india","centres","QUEUED_FOR_BRANCH_REVIEW","PUBLISHED_DIRECTORY_ENTRY; LOCAL_REBUILD_NOT_STARTED","retained origin; migrate on individual page release","3","Find Uppal; confirm the current branch and useful first conversation","Verify current branch identity, direct phone, GBP status, hours, available services/professionals, registrations and matched media; inspect active source/route ownership before edit.",""
"CENTRE-vanasthalipuram","https://www.pinnacleblooms.org/centers/best-autism-speech-aba-occupational-therapy-center-vanasthalipuram-hyderabad-telangana-india","centres","QUEUED_FOR_BRANCH_REVIEW","PUBLISHED_DIRECTORY_ENTRY; LOCAL_REBUILD_NOT_STARTED","retained origin; migrate on individual page release","3","Find Vanasthalipuram; confirm the current branch and useful first conversation","Verify current branch identity, direct phone, GBP status, hours, available services/professionals, registrations and matched media; inspect active source/route ownership before edit.",""
"CENTRE-vidyanagar","https://www.pinnacleblooms.org/centers/best-autism-speech-aba-occupational-therapy-center-vidyanagar-telangana-india","centres","QUEUED_FOR_BRANCH_REVIEW","PUBLISHED_DIRECTORY_ENTRY; LOCAL_REBUILD_NOT_STARTED","retained origin; migrate on individual page release","3","Find Vidyanagar; confirm the current branch and useful first conversation","Verify current branch identity, direct phone, GBP status, hours, available services/professionals, registrations and matched media; inspect active source/route ownership before edit.",""
"CENTRE-vikrampuri","https://www.pinnacleblooms.org/centers/best-autism-speech-aba-occupational-therapy-center-vikrampuri-hyderabad-telangana-india","centres","QUEUED_FOR_BRANCH_REVIEW","PUBLISHED_DIRECTORY_ENTRY; LOCAL_REBUILD_NOT_STARTED","retained origin; migrate on individual page release","3","Find Vikrampuri; confirm the current branch and useful first conversation","Verify current branch identity, direct phone, GBP status, hours, available services/professionals, registrations and matched media; inspect active source/route ownership before edit.",""
